datum,domacin,gost,rezultat,brOsSetDomacin,brOsSetGost,osBodDomacin,osBodGost,proRazBodUSet,pobjednik,pobjednikDomacinIliGost,omjProPobj,proPobjDomacinNadGost,brDaOdZadDomacin,brDaOdZadGost,omjSvukOsSet,omjSvukOsSetDomacinProtGost,omjSvukIzgSet,omjSvukIzgSetDomacinProtGost,omjSvukOsBod,omjSvukOsBodDomacinProtGost,omjSvukIzgBod,omjSvukIzgBodDomacinProtGost
2019-10-12,OK ZADAR,OK KITRO VARAŽDIN, 3-1,3,1,88,88,0.0,OK ZADAR,0,0.3333333333333333,0.0,103,103,0.6923076923076923,0.3333333333333333,1.2666666666666666,3.0,0.8927272727272727,0.7954545454545454,0.8927272727272727,1.2571428571428571
2019-10-12,OK ROVINJ,MOK RIJEKA, 0-3,0,3,53,75,-7.333333333333333,MOK RIJEKA,1,0.2727272727272727,0.0,103,103,0.5555555555555556,0.3333333333333333,1.8,3.0,0.896551724137931,0.6907216494845361,0.896551724137931,1.4477611940298507
2019-10-12,OK MEDICINAR TRNJE,OKM CENTROMETAL, 3-0,3,0,80,66,4.666666666666667,OK MEDICINAR TRNJE,0,1.0,0.5,103,103,1.0,1.0,1.0,1.0,0.9193037974683544,1.0666666666666667,0.9193037974683544,0.9375
2019-10-12,MOK MARSONIA,OK SISAK, 1-3,1,3,83,96,-3.25,OK SISAK,1,0.25,0.0,103,103,0.7272727272727273,0.3333333333333333,1.1764705882352942,3.0,0.960960960960961,0.9690721649484536,0.960960960960961,1.0319148936170213
2019-10-12,OK SPLIT,MOK MURSA - OSIJEK, 2-3,2,3,86,102,-3.2,MOK MURSA - OSIJEK,1,0.8571428571428571,0.0,103,103,0.9285714285714286,0.3333333333333333,1.0714285714285714,3.0,0.924908424908425,0.7692307692307693,0.924908424908425,1.3
2019-10-19,OKM CENTROMETAL,OK SPLIT, 3-0,3,0,75,60,5.0,OKM CENTROMETAL,0,0.6666666666666666,1.0,7,7,0.7857142857142857,3.0,1.121212121212121,0.3333333333333333,1.2135036496350364,1.0769230769230769,1.2135036496350364,0.9285714285714286
2019-10-19,OK KITRO VARAŽDIN,MOK MURSA - OSIJEK, 1-3,1,3,77,96,-4.75,MOK MURSA - OSIJEK,1,0.75,0.0,7,7,0.8709677419354839,0.3333333333333333,1.1,3.0,0.9949748743718593,1.0224719101123596,0.9949748743718593,0.978021978021978
2019-10-19,MOK RIJEKA,OK MEDICINAR TRNJE, 3-1,3,1,96,76,5.0,MOK RIJEKA,0,2.4000000000000004,0.0,7,7,1.56,0.3333333333333333,0.5882352941176471,3.0,0.9943639291465378,0.6530612244897959,0.9943639291465378,1.53125
2019-10-19,OK ROVINJ,OK SISAK, 2-3,2,3,112,117,-1.0,OK SISAK,1,0.6000000000000001,0.0,7,7,0.8,0.3333333333333333,1.1142857142857143,3.0,0.7654061624649859,0.7127659574468085,0.7654061624649859,1.4029850746268657
2019-10-19,OK ZADAR,MOK MARSONIA, 2-3,2,3,111,111,0.0,MOK MARSONIA,1,3.0,0.0,7,7,1.2352941176470589,0.3333333333333333,0.9069767441860465,3.0,0.7850330154071901,0.8681318681318682,0.7850330154071901,1.1518987341772151
2019-10-26,OK ROVINJ,OK ZADAR, 3-2,3,2,110,94,3.2,OK ROVINJ,0,1.0,1.0,7,7,0.9565217391304348,3.0,1.0,0.3333333333333333,1.0203217612193056,1.1136363636363635,1.0203217612193056,0.8979591836734694
2019-10-26,MOK MURSA - OSIJEK,OKM CENTROMETAL, 3-2,3,2,102,100,0.4,MOK MURSA - OSIJEK,0,1.8,0.0,7,7,1.36,0.3333333333333333,0.8378378378378378,3.0,0.9181494661921709,0.6666666666666666,0.9181494661921709,1.5
2019-10-26,OK SPLIT,MOK RIJEKA, 0-3,0,3,55,75,-6.666666666666667,MOK RIJEKA,1,0.46153846153846156,0.0,7,7,0.6666666666666666,0.3333333333333333,1.7142857142857142,3.0,0.8685199098422239,0.7448979591836735,0.8685199098422239,1.3424657534246576
2019-10-26,OK MEDICINAR TRNJE,OK SISAK, 2-3,2,3,109,99,2.0,OK SISAK,1,0.8333333333333334,0.5,7,7,0.9285714285714286,1.0,1.0,1.0,0.8530744336569579,1.0212765957446808,0.8530744336569579,0.9791666666666666
2019-10-27,MOK MARSONIA,OK KITRO VARAŽDIN, 1-3,1,3,73,104,-7.75,OK KITRO VARAŽDIN,1,0.3333333333333333,0.0,8,8,0.7142857142857143,0.3333333333333333,1.25,3.0,1.1652173913043478,0.9010989010989011,1.1652173913043478,1.1097560975609757
2019-11-02,MOK RIJEKA,MOK MURSA - OSIJEK, 2-3,2,3,109,102,1.4,MOK MURSA - OSIJEK,1,1.4,1.0,7,7,1.2162162162162162,3.0,0.6363636363636364,0.3333333333333333,1.0100574712643677,1.1022727272727273,1.0100574712643677,0.9072164948453608
2019-11-02,MOK MARSONIA,OK ROVINJ, 3-0,3,0,76,60,5.333333333333333,MOK MARSONIA,0,0.5,1.0,6,7,0.84,3.0,1.0909090909090908,0.3333333333333333,1.176425855513308,1.0823529411764705,1.176425855513308,0.9239130434782609
2019-11-02,OK ZADAR,OK MEDICINAR TRNJE, 0-3,0,3,47,75,-9.333333333333334,OK MEDICINAR TRNJE,1,0.6,1.0,7,7,0.8928571428571429,3.0,1.125,0.3333333333333333,0.8934828311142257,1.3857142857142857,0.8934828311142257,0.7216494845360825
2019-11-02,OK SISAK,OK SPLIT, 3-1,3,1,99,83,4.0,OK SISAK,0,1.1666666666666665,1.0,7,7,1.1071428571428572,3.0,1.0,0.3333333333333333,1.3575557390586293,1.1341463414634145,1.3575557390586293,0.8817204301075269
2019-11-03,OK KITRO VARAŽDIN,OKM CENTROMETAL, 3-0,3,0,75,57,6.0,OK KITRO VARAŽDIN ,0,1.4,0.0,7,8,1.1481481481481481,0.3333333333333333,0.925,3.0,0.9096345514950166,0.9565217391304348,0.9096345514950166,1.0454545454545454
2019-11-09,OKM CENTROMETAL,MOK RIJEKA, 3-1,3,1,102,94,2.0,OKM CENTROMETAL,0,0.35714285714285715,1.0,6,7,0.574468085106383,3.0,1.7916666666666667,0.3333333333333333,1.031023102310231,1.5081967213114753,1.031023102310231,0.6630434782608695
2019-11-09,MOK MURSA - OSIJEK,OK SISAK, 3-0,3,0,75,57,6.0,MOK MURSA - OSIJEK,0,1.3750000000000002,1.0,7,7,1.1764705882352942,3.0,0.875,0.3333333333333333,0.8571428571428571,1.2714285714285714,0.8571428571428571,0.7865168539325843
2019-11-09,OK ROVINJ,OK KITRO VARAŽDIN, 2-2,2,2,67,97,-7.5,OK KITRO VARAŽDIN,1,0.5,0.0,7,6,0.7352941176470589,0.3333333333333333,1.2702702702702702,3.0,0.9522160664819944,1.0340909090909092,0.9522160664819944,0.967032967032967
2019-11-10,OK MEDICINAR TRNJE,MOK MARSONIA, 3-0,3,0,75,61,4.666666666666667,OK MEDICINAR TRNJE,0,2.0,1.0,8,8,1.2916666666666667,3.0,0.8333333333333334,0.3333333333333333,0.9254467036352434,1.065934065934066,0.9254467036352434,0.9381443298969072
2019-11-10,OK SPLIT,OK ZADAR, 3-0,3,0,77,63,4.666666666666667,OK SPLIT,0,2.0,0.0,8,8,1.16,0.3333333333333333,0.875,3.0,0.9788199697428139,0.9381443298969072,0.9788199697428139,1.065934065934066
2019-11-16,OK ZADAR,MOK MURSA - OSIJEK, 0-3,0,3,49,75,-8.666666666666666,MOK MURSA - OSIJEK,1,0.25,0.0,6,7,0.5813953488372093,0.3333333333333333,1.457142857142857,3.0,0.882727852135118,0.7444444444444445,0.882727852135118,1.3432835820895523
2019-11-16,OK SISAK,OKM CENTROMETAL, 3-0,3,0,75,59,5.333333333333333,OK SISAK,0,1.3333333333333333,0.5,7,7,1.1333333333333333,1.0,0.9772727272727273,1.0,1.0817307692307692,1.0476190476190477,1.0817307692307692,0.9545454545454546
2019-11-16,MOK MARSONIA,OK SPLIT, 3-1,3,1,98,88,2.5,MOK MARSONIA,0,0.42857142857142855,0.0,6,6,0.75,0.3333333333333333,1.2142857142857142,3.0,1.2283005105762217,0.845360824742268,1.2283005105762217,1.1829268292682926
2019-11-16,OK ROVINJ,OK MEDICINAR TRNJE, 0-3,0,3,50,75,-8.333333333333334,OK MEDICINAR TRNJE,1,0.5714285714285714,1.0,7,6,0.7941176470588235,3.0,1.225,0.3333333333333333,0.9143944197844007,1.484375,0.9143944197844007,0.6736842105263158
2019-11-17,OK KITRO VARAŽDIN,MOK RIJEKA, 1-3,1,3,79,98,-4.75,MOK RIJEKA,1,0.6428571428571429,1.0,8,8,0.75,3.0,1.4444444444444444,0.3333333333333333,0.9577377252952144,1.3428571428571427,0.9577377252952144,0.7446808510638298
2019-11-23,MOK RIJEKA,OK SISAK, 3-0,3,0,75,55,6.666666666666667,MOK RIJEKA,0,1.6666666666666665,1.0,6,7,1.3783783783783783,3.0,0.6511627906976745,0.3333333333333333,0.9104,1.010989010989011,0.9104,0.9891304347826086
2019-11-23,MOK MURSA - OSIJEK,MOK MARSONIA, 3-0,3,0,82,62,6.666666666666667,MOK MURSA - OSIJEK,0,3.25,0.0,7,7,1.7037037037037037,0.3333333333333333,0.6730769230769231,3.0,0.9225589225589226,0.9578947368421052,0.9225589225589226,1.043956043956044
2019-11-23,OK SPLIT,OK ROVINJ, 3-0,3,0,75,51,8.0,OK SPLIT,0,1.7499999999999998,0.0,7,7,1.2222222222222223,0.3333333333333333,0.8653846153846154,3.0,0.9778820375335121,0.9894736842105263,0.9778820375335121,1.0106382978723405
2019-11-23,OK MEDICINAR TRNJE,OK KITRO VARAŽDIN, 3-0,3,0,75,62,4.333333333333333,OK MEDICINAR TRNJE,0,0.888888888888889,0.0,7,6,1.0,0.3333333333333333,0.9523809523809523,3.0,1.019753086419753,0.7701149425287356,1.019753086419753,1.2985074626865671
2019-11-23,OKM CENTROMETAL,OK ZADAR, 3-0,3,0,77,56,7.0,OKM CENTROMETAL,0,2.0,0.0,7,7,1.2,0.3333333333333333,0.8703703703703703,3.0,1.201534170153417,0.735632183908046,1.201534170153417,1.359375
2019-11-30,OK KITRO VARAŽDIN,OK SISAK, 2-3,2,3,106,110,-0.8,OK SISAK,1,1.0,1.0,7,7,1.0,3.0,0.9782608695652174,0.3333333333333333,0.8715025906735752,1.2105263157894737,0.8715025906735752,0.8260869565217391
2019-11-30,MOK MARSONIA,OKM CENTROMETAL, 3-2,3,2,105,110,-1.0,MOK MARSONIA,0,0.5714285714285714,0.0,7,7,0.8181818181818182,0.3333333333333333,1.1702127659574468,3.0,1.0244444444444445,0.6597938144329897,1.0244444444444445,1.515625
2019-11-30,OK ZADAR,MOK RIJEKA, 0-3,0,3,42,75,-11.0,MOK RIJEKA,1,0.1875,0.0,7,7,0.46296296296296297,0.3333333333333333,2.0357142857142856,3.0,0.8361391694725028,0.8045977011494253,0.8361391694725028,1.2428571428571429
2019-11-30,OK ROVINJ,MOK MURSA - OSIJEK, 1-3,1,3,67,95,-7.0,MOK MURSA - OSIJEK,1,0.2857142857142857,0.0,7,7,0.5510204081632653,0.3333333333333333,1.5714285714285714,3.0,0.8939745075318656,0.9479166666666666,0.8939745075318656,1.054945054945055
2019-11-30,OK MEDICINAR TRNJE,OK SPLIT, 0-3,0,3,63,75,-4.0,OK SPLIT,1,1.125,0.0,7,7,1.1111111111111112,0.3333333333333333,0.8888888888888888,3.0,1.1258148631029987,0.8,1.1258148631029987,1.25
2019-12-07,MOK RIJEKA,MOK MARSONIA, 2-1,2,1,75,37,12.666666666666666,MOK RIJEKA,0,3.4,0.0,7,7,1.9,0.3333333333333333,0.49122807017543857,3.0,0.952796305797845,0.7608695652173914,0.952796305797845,1.3142857142857143
2019-12-07,OK SISAK,OK ZADAR, 3-0,3,0,75,57,6.0,OK SISAK,0,3.3333333333333335,0.0,7,7,1.6,0.3333333333333333,0.8,3.0,1.3315926892950392,0.9318181818181818,1.3315926892950392,1.0731707317073171
2019-12-07,OK SPLIT,OK KITRO VARAŽDIN, 3-0,3,0,75,57,6.0,OK SPLIT,0,1.0,0.5,7,7,1.0,1.0,0.9375,1.0,0.8998881431767338,0.8260869565217391,0.8998881431767338,1.2105263157894737
2019-12-07,MOK MURSA - OSIJEK,OK MEDICINAR TRNJE, 3-1,3,1,90,93,-0.75,MOK MURSA - OSIJEK,0,1.6666666666666665,0.0,7,7,1.3,0.3333333333333333,0.8372093023255814,3.0,1.01731843575419,0.9791666666666666,1.01731843575419,1.0212765957446808
2019-12-07,OKM CENTROMETAL,OK ROVINJ, 3-0,3,0,75,45,10.0,OKM CENTROMETAL,0,1.75,0.0,7,7,1.25,0.3333333333333333,0.8620689655172413,3.0,1.186335403726708,0.9239130434782609,1.186335403726708,1.0823529411764705
2019-12-14,MOK MURSA - OSIJEK,OK SPLIT, 2-3,2,3,103,106,-0.6,OK SPLIT,1,1.6,0.0,7,7,1.3095238095238095,0.4444444444444444,0.8222222222222222,2.25,1.1347980997624703,0.795774647887324,1.1347980997624703,1.2566371681415929
2019-12-14,OK KITRO VARAŽDIN,OK ZADAR, 3-0,3,0,75,60,5.0,OK KITRO VARAŽDIN ,0,3.0,0.3333333333333333,7,7,1.56,0.7142857142857143,0.8095238095238095,1.4,1.1611076148521082,0.8636363636363636,1.1611076148521082,1.1578947368421053
2019-12-14,OK SISAK,MOK MARSONIA, 3-0,3,0,75,58,5.666666666666667,OK SISAK,0,2.2,0.0,7,7,1.3870967741935485,0.3333333333333333,0.8135593220338984,3.0,1.0649546827794563,0.9344827586206896,1.0649546827794563,1.070110701107011
2019-12-14,OKM CENTROMETAL,OK MEDICINAR TRNJE, 3-0,3,0,76,62,4.666666666666667,OKM CENTROMETAL,0,0.8888888888888888,0.6666666666666666,7,7,0.926829268292683,1.75,1.0869565217391304,0.5714285714285714,1.0541688794476898,1.1056910569105691,1.0541688794476898,0.9044117647058824
2019-12-14,MOK RIJEKA,OK ROVINJ, 3-0,3,0,75,48,9.0,MOK RIJEKA,0,4.5,0.0,7,7,2.107142857142857,0.2222222222222222,0.47540983606557374,4.5,1.1673716012084592,0.6951672862453532,1.1673716012084592,1.4385026737967914
2019-12-15,OK KITRO VARAŽDIN,OK SPLIT, 1-2,1,2,37,75,-12.666666666666666,OK SPLIT,1,0.9090909090909092,0.6666666666666666,1,1,0.9333333333333333,1.75,1.0851063829787233,0.5714285714285714,1.0726256983240223,0.941908713692946,1.0726256983240223,1.0616740088105727
2019-12-17,OK ZADAR,MOK RIJEKA, 0-3,0,3,53,75,-7.333333333333333,MOK RIJEKA,1,0.15789473684210528,0.0,3,3,0.4032258064516129,0.2222222222222222,2.2758620689655173,4.5,0.8216243148978575,0.7309236947791165,0.8216243148978575,1.3681318681318682
2019-12-19,MOK MARSONIA,MOK MURSA - OSIJEK, 0-3,0,3,49,75,-8.666666666666666,MOK MURSA - OSIJEK,1,0.31250000000000006,0.3333333333333333,5,5,0.543859649122807,0.2222222222222222,1.55,4.5,1.0148957298907646,0.8970588235294118,1.0148957298907646,1.1147540983606556
2019-12-20,MOK MARSONIA,OK ZADAR, 3-0,3,0,75,63,4.0,MOK MARSONIA,0,1.6666666666666667,0.0,1,3,1.24,0.625,0.9420289855072463,1.6,1.2297297297297298,0.9180887372013652,1.2297297297297298,1.0892193308550187
2019-12-21,MOK MURSA - OSIJEK,OK KITRO VARAŽDIN, 3-2,3,2,109,104,1.0,MOK MURSA - OSIJEK,0,1.7,0.0,2,6,1.3953488372093024,0.3333333333333333,0.7547169811320755,3.0,1.0674501788451711,0.9452554744525548,1.0674501788451711,1.057915057915058
2019-12-21,OK MEDICINAR TRNJE,MOK RIJEKA, 0-3,0,3,57,76,-6.333333333333333,MOK RIJEKA,1,0.46875,0.3333333333333333,7,4,0.6307692307692307,0.3333333333333333,1.6896551724137931,3.0,0.9341978866474544,0.6986301369863014,0.9341978866474544,1.4313725490196079
2019-12-21,OK SISAK,OK ROVINJ, 3-1,3,1,101,87,3.5,OK SISAK,0,3.0,0.0,7,7,1.6428571428571428,0.4444444444444444,0.75,2.25,1.285965942454492,0.8065573770491803,1.285965942454492,1.2398373983739837
2019-12-21,OK SPLIT,OKM CENTROMETAL, 3-0,3,0,75,47,9.333333333333334,OK SPLIT,0,1.28,1.0,6,7,1.146341463414634,1.2,0.96,0.8333333333333334,0.9049005337214944,0.9961089494163424,0.9049005337214944,1.00390625
2020-01-11,MOK RIJEKA,OK SPLIT, 0-3,0,3,62,75,-4.333333333333333,OK SPLIT,1,1.6153846153846154,0.0,21,21,1.36,0.2222222222222222,0.6041666666666666,4.5,1.1123711340206186,0.7416974169741697,1.1123711340206186,1.3482587064676617
2020-01-11,OK KITRO VARAŽDIN,MOK MARSONIA, 2-3,2,3,109,91,3.6,MOK MARSONIA,1,1.6666666666666667,0.0,21,22,1.3235294117647058,0.3333333333333333,0.8615384615384616,3.0,0.9506457564575646,0.8286713286713286,0.9506457564575646,1.2067510548523206
2020-01-15,OK ZADAR,OK ROVINJ, 2-2,2,2,94,71,5.75,OK ROVINJ,1,0.7211538461538461,1.0,26,25,0.8620689655172413,2.25,1.0746268656716418,0.4444444444444444,0.9860335195530726,1.1333333333333333,0.9860335195530726,0.8823529411764706
2020-01-15,OKM CENTROMETAL,MOK MURSA - OSIJEK, 3-2,3,2,106,98,1.6,OKM CENTROMETAL,0,0.52,0.3333333333333333,25,25,0.6507936507936508,0.4444444444444444,1.2619047619047619,2.25,0.9590536851683349,0.7755102040816326,0.9590536851683349,1.2894736842105263
2020-01-16,OK SISAK,OK MEDICINAR TRNJE, 1-3,1,3,90,98,-2.0,OK MEDICINAR TRNJE,1,1.4444444444444446,0.3333333333333333,26,26,1.1951219512195121,0.8571428571428571,0.9423076923076923,1.1666666666666667,1.1443556443556444,1.048780487804878,1.1443556443556444,0.9534883720930233
2020-01-18,OK ROVINJ,MOK MARSONIA, 0-3,0,3,56,75,-6.333333333333333,MOK MARSONIA,1,0.7417582417582418,1.0,3,7,0.8378378378378378,1.2,1.0298507462686568,0.8333333333333334,0.8238158477202302,0.991869918699187,0.8238158477202302,1.0081967213114753
2020-01-18,OKM CENTROMETAL,OK KITRO VARAŽDIN, 1-3,1,3,87,95,-2.0,OK KITRO VARAŽDIN,1,1.0384615384615385,0.3333333333333333,3,7,0.9361702127659575,0.2222222222222222,0.9322033898305084,4.5,1.0202764976958525,0.8996138996138996,1.0202764976958525,1.111587982832618
2020-01-18,OK MEDICINAR TRNJE,OK ZADAR, 3-0,3,0,75,46,9.666666666666666,OK MEDICINAR TRNJE,0,3.461538461538462,0.6666666666666666,2,3,1.6296296296296295,4.5,0.7162162162162162,0.2222222222222222,1.1296395911780528,1.4385026737967914,1.1296395911780528,0.6951672862453532
2020-01-18,MOK MURSA - OSIJEK,MOK RIJEKA, 3-0,3,0,77,71,2.0,MOK MURSA - OSIJEK,0,0.8571428571428571,0.6666666666666666,3,7,0.9558823529411765,1.6,1.40625,0.625,1.0342342342342343,1.089928057553957,1.0342342342342343,0.9174917491749175
2020-01-19,OK SPLIT,OK SISAK, 3-0,3,0,75,51,8.0,OK SPLIT,0,1.037037037037037,1.0,8,3,1.06,1.4,0.9230769230769231,0.7142857142857143,0.8462830743385132,1.0228136882129277,0.8462830743385132,0.9776951672862454
2020-02-01,OK SISAK,MOK MURSA - OSIJEK, 2-3,2,3,112,106,1.2,MOK MURSA - OSIJEK,1,0.7095516569200779,1.0,13,14,0.7352941176470589,4.5,1.2222222222222223,0.2222222222222222,1.0248630425621577,1.284263959390863,1.0248630425621577,0.7786561264822134
2020-02-01,MOK RIJEKA,OKM CENTROMETAL, 3-1,3,1,98,83,3.75,MOK RIJEKA,0,2.025,1.0,14,14,1.511111111111111,1.4,0.603448275862069,0.7142857142857143,0.9956540634506736,1.2410714285714286,0.9956540634506736,0.8057553956834532
2020-02-01,MOK MARSONIA,OK MEDICINAR TRNJE, 3-2,3,2,96,102,-1.2,MOK MARSONIA,0,0.7012987012987013,1.0,14,14,0.851063829787234,4.5,1.2641509433962264,0.2222222222222222,1.0731034482758621,1.1069958847736625,1.0731034482758621,0.9033457249070632
2020-02-01,OK ZADAR,OK SPLIT, 3-2,3,2,99,99,0.0,OK ZADAR,0,0.19999999999999998,0.3333333333333333,14,13,0.48214285714285715,0.2222222222222222,1.6041666666666667,4.5,0.9114832535885168,0.9040590405904059,0.9114832535885168,1.1061224489795918
2020-02-01,OK KITRO VARAŽDIN,OK ROVINJ, 3-0,3,0,75,44,10.333333333333334,OK KITRO VARAŽDIN ,0,2.1214285714285714,0.0,14,14,1.6129032258064515,0.5,0.8333333333333334,2.0,1.1815336463223787,0.9120879120879121,1.1815336463223787,1.0963855421686748
2020-02-08,OKM CENTROMETAL,OK SISAK, 1-3,1,3,82,94,-3.0,OK SISAK,1,0.7692307692307693,0.6666666666666666,7,7,0.8846153846153846,0.5714285714285714,1.0517241379310345,1.75,0.9371069182389937,0.9670781893004116,0.9371069182389937,1.0340425531914894
2020-02-08,MOK MURSA - OSIJEK,OK ZADAR, 3-0,3,0,75,55,6.666666666666667,MOK MURSA - OSIJEK,0,5.0,0.0,7,7,2.3666666666666667,0.2222222222222222,0.5949367088607594,4.5,1.2370259481037924,0.7176470588235294,1.2370259481037924,1.3934426229508197
2020-02-08,MOK RIJEKA,OK KITRO VARAŽDIN, 3-1,3,1,90,77,3.25,MOK RIJEKA,0,1.8333333333333333,0.6666666666666666,7,7,1.3396226415094339,3.0,0.6,0.3333333333333333,1.0209401709401709,1.3059360730593608,1.0209401709401709,0.7657342657342657
2020-02-08,OK SPLIT,MOK MARSONIA, 2-1,2,1,75,35,13.333333333333334,OK SPLIT,0,1.6666666666666667,0.3333333333333333,7,7,1.3488372093023255,0.7142857142857143,0.7391304347826086,1.4,0.9008230452674897,0.9290780141843972,0.9008230452674897,1.0763358778625953
2020-02-08,OK MEDICINAR TRNJE,OK ROVINJ, 3-1,3,1,95,73,5.5,OK MEDICINAR TRNJE,0,2.1999999999999997,0.6666666666666666,7,7,1.5806451612903225,4.5,0.7466666666666667,0.2222222222222222,1.1611422743498214,1.4887640449438202,1.1611422743498214,0.6716981132075471
2020-02-15,OK SISAK,MOK RIJEKA, 0-3,0,3,49,75,-8.666666666666666,MOK RIJEKA,1,0.6296851574212894,1.0,7,7,0.7432432432432432,4.5,1.5945945945945945,0.2222222222222222,1.064138765631303,1.0928270042194093,1.064138765631303,0.915057915057915
2020-02-15,OK ZADAR,OKM CENTROMETAL, 0-3,0,3,54,75,-7.0,OKM CENTROMETAL,1,0.38666666666666666,0.3333333333333333,7,7,0.6382978723404256,0.2222222222222222,1.28125,4.5,0.8349553933495539,0.7330677290836654,0.8349553933495539,1.3641304347826086
2020-02-15,OK ROVINJ,OK SPLIT, 1-3,1,3,79,96,-4.25,OK SPLIT,1,0.3232758620689655,0.3333333333333333,7,7,0.5333333333333333,0.2222222222222222,1.5,4.5,0.8984098939929329,0.9018867924528302,0.8984098939929329,1.108786610878661
2020-02-15,MOK MARSONIA,MOK MURSA - OSIJEK, 0-3,0,3,53,75,-7.333333333333333,MOK MURSA - OSIJEK,1,0.4285714285714286,0.25,7,7,0.5945945945945946,0.16666666666666666,1.5106382978723405,6.0,0.9651527016444792,0.8443804034582133,0.9651527016444792,1.1843003412969284
2020-02-16,OK KITRO VARAŽDIN,OK MEDICINAR TRNJE, 3-1,3,1,99,87,3.0,OK KITRO VARAŽDIN ,0,0.9666666666666668,0.3333333333333333,8,8,1.0384615384615385,0.8333333333333334,1.105263157894737,1.2,1.0189713322091063,0.885593220338983,1.0189713322091063,1.1291866028708133
2020-02-19,OKM CENTROMETAL,MOK MURSA - OSIJEK, 0-3,0,3,57,75,-6.0,MOK MURSA - OSIJEK,1,0.5166666666666666,0.5,4,4,0.6493506493506493,0.6363636363636364,1.3617021276595744,1.5714285714285714,0.9665271966527197,0.8520408163265306,0.9665271966527197,1.1736526946107784
2020-02-19,OK SPLIT,MOK RIJEKA, 3-1,3,1,98,80,4.5,OK SPLIT,0,0.7083333333333333,0.0,4,4,0.8181818181818182,0.5555555555555556,1.4324324324324325,1.8,0.9240407204385278,0.8288288288288288,0.9240407204385278,1.2065217391304348
2020-02-22,MOK MURSA - OSIJEK,OK ROVINJ, 3-0,3,0,75,60,5.0,MOK MURSA - OSIJEK,0,4.3125,0.0,3,7,2.4242424242424243,0.3333333333333333,0.5802469135802469,3.0,1.2796971131093233,0.867595818815331,1.2796971131093233,1.1526104417670682
2020-02-22,OKM CENTROMETAL,MOK MARSONIA, 3-0,3,0,75,51,8.0,OKM CENTROMETAL,0,1.222222222222222,0.3333333333333333,3,7,1.1363636363636365,0.625,0.9054054054054054,1.6,1.0317712470214455,0.7664473684210527,1.0317712470214455,1.3047210300429184
2020-02-22,OK SPLIT,OK MEDICINAR TRNJE, 3-0,3,0,78,71,2.333333333333333,OK SPLIT,0,1.40625,0.0,3,6,1.2452830188679245,0.2222222222222222,0.9,4.5,0.9995933306222041,0.8113207547169812,0.9995933306222041,1.2325581395348837
2020-02-22,MOK RIJEKA,OK ZADAR, 3-0,3,0,75,62,4.333333333333333,MOK RIJEKA,0,5.8125,0.0,3,7,2.6,0.16666666666666666,0.47058823529411764,6.0,1.2465688594415523,0.7253086419753086,1.2465688594415523,1.3787234042553191
2020-02-22,OK SISAK,OK KITRO VARAŽDIN, 0-3,0,3,54,75,-7.0,OK KITRO VARAŽDIN,1,1.1128205128205129,0.6666666666666666,7,6,0.9649122807017544,1.6,0.96875,0.625,1.0679650238473768,1.1068702290076335,1.0679650238473768,0.903448275862069
2020-02-27,OK SISAK,OK RIBOLA KAŠTELA, 1-2,1,2,39,75,-12.0,OK MLADOST RIBOLA KAŠTELA,1,0.5747800586510264,0.0,5,241,1.5277777777777777,0.3333333333333333,3.25,3.0,2.0154411764705884,1.0217391304347827,2.0154411764705884,0.9787234042553191
2020-02-27,OK MEDICINAR TRNJE,HAOK MLADOST, 0-3,0,3,55,77,-7.333333333333333,HAOK MLADOST,1,0.3870967741935484,0.0,5,241,1.2619047619047619,0.3333333333333333,4.5,3.0,1.9642857142857142,0.8,1.9642857142857142,1.25
2020-02-29,OK ROVINJ,OKM CENTROMETAL, 1-2,1,2,45,75,-10.0,OKM CENTROMETAL,1,0.43010752688172044,0.3333333333333333,7,7,0.6226415094339622,0.2222222222222222,1.2537313432835822,4.5,0.8129442573887018,0.8301158301158301,0.8129442573887018,1.2046511627906977
2020-02-29,OK KITRO VARAŽDIN,OK SPLIT, 2-3,2,3,101,109,-1.6,OK SPLIT,1,0.7598684210526315,0.5,7,7,0.8695652173913043,1.8,1.1851851851851851,0.5555555555555556,1.0216876971608833,1.0863309352517985,1.0216876971608833,0.9205298013245033
2020-02-29,OK MEDICINAR TRNJE,MOK MURSA - OSIJEK, 1-3,1,3,90,100,-2.5,MOK MURSA - OSIJEK,1,0.515625,0.3333333333333333,2,7,0.6385542168674698,0.3333333333333333,1.4042553191489362,3.0,0.9301907160849227,0.9964539007092199,0.9301907160849227,1.00355871886121
2020-02-29,MOK MARSONIA,MOK RIJEKA, 0-3,0,3,42,75,-11.0,MOK RIJEKA,1,0.37125,0.3333333333333333,7,7,0.5432098765432098,0.375,1.925,2.6666666666666665,0.9483204134366925,0.6833976833976834,0.9483204134366925,1.463276836158192
2020-03-01,OK ZADAR,OK SISAK, 0-3,0,3,58,75,-5.666666666666667,OK SISAK,1,0.2857142857142857,0.3333333333333333,8,3,0.5357142857142857,0.2222222222222222,1.3134328358208955,4.5,0.7823741007194245,0.8804780876494024,0.7823741007194245,1.1357466063348416
2020-03-07,OK RIBOLA KAŠTELA,MOK RIJEKA, 3-0,3,0,75,48,9.0,OK MLADOST RIBOLA KAŠTELA,0,1.0461538461538462,0.5,9,7,0.4523809523809524,1.0,0.525,1.0,0.5154454022988506,1.0,0.5154454022988506,1.0
2020-03-07,HAOK MLADOST,MOK MURSA - OSIJEK, 3-0,3,0,75,57,6.0,HAOK MLADOST,0,1.3599999999999999,0.0,9,7,0.5232558139534884,0.3333333333333333,0.2916666666666667,3.0,0.4741229593608892,0.978494623655914,0.4741229593608892,1.021978021978022
2020-03-07,OK SPLIT,OK MEDICINAR TRNJE, 3-0,3,0,76,56,6.666666666666667,OK SPLIT,0,1.6176470588235294,0.25,7,7,1.3333333333333333,0.16666666666666666,0.8115942028985508,6.0,0.9887850467289719,0.8338192419825073,0.9887850467289719,1.1993006993006994
2020-03-07,OK SISAK,OK KITRO VARAŽDIN, 3-1,3,1,98,84,3.5,OK SISAK,0,1.0714285714285714,0.5,6,7,0.9516129032258065,2.2,1.0,0.45454545454545453,1.0605497771173849,1.1550632911392404,1.0605497771173849,0.8657534246575342
2020-03-07,OKM CENTROMETAL,OK ROVINJ, 3-1,3,1,93,84,2.25,OKM CENTROMETAL,0,2.521212121212121,0.25,7,7,1.6176470588235294,0.2727272727272727,0.7906976744186046,3.6666666666666665,1.2389540126239855,0.7784431137724551,1.2389540126239855,1.2846153846153847
2020-03-07,MOK MARSONIA,OK ZADAR, 1-3,1,3,87,94,-1.75,OK ZADAR,1,2.2499999999999996,0.25,7,6,1.4666666666666666,1.0,0.8791208791208791,1.0,1.1692789968652038,0.9662921348314607,1.1692789968652038,1.0348837209302326
2020-03-10,MOK MURSA - OSIJEK,OK RIBOLA KAŠTELA, 0-3,0,3,53,76,-7.666666666666667,OK MLADOST RIBOLA KAŠTELA,1,0.8791208791208791,0.0,3,3,2.097560975609756,0.3333333333333333,2.4285714285714284,3.0,1.9443708609271524,1.0,1.9443708609271524,1.0
2020-03-11,MOK RIJEKA,HAOK MLADOST, 0-3,0,3,62,77,-5.0,HAOK MLADOST,1,0.7428571428571429,0.0,4,4,1.75,0.3333333333333333,3.0714285714285716,3.0,1.9666666666666666,0.648936170212766,1.9666666666666666,1.540983606557377
2020-03-11,OK KITRO VARAŽDIN,OK SPLIT, 3-0,3,0,75,57,6.0,OK KITRO VARAŽDIN ,0,0.6862745098039216,0.4,4,4,0.84,1.7142857142857142,1.25,0.5833333333333334,1.0202131569276,1.0844327176781003,1.0202131569276,0.9221411192214112
2020-09-05,OK RIBOLA KAŠTELA,HAOK MLADOST, 1-3,1,3,82,95,-3.25,HAOK MLADOST,1,0.8235294117647058,0.0,179,178,0.8627450980392157,0.3333333333333333,1.5,3.0,1.0454845088991431,0.9010989010989011,1.0454845088991431,1.1097560975609757
2020-09-05,MOK MURSA - OSIJEK,OK SPLIT, 3-0,3,0,75,53,7.333333333333333,MOK MURSA - OSIJEK,0,1.1904761904761905,0.0,179,178,1.1466666666666667,0.6363636363636364,0.9152542372881356,1.5714285714285714,1.075953923686105,0.8578811369509044,1.075953923686105,1.1656626506024097
2020-09-12,HAOK MLADOST,MOK MURSA - OSIJEK, 3-2,3,2,107,103,0.8,HAOK MLADOST,0,1.423076923076923,0.3333333333333333,7,7,0.6067415730337079,0.2222222222222222,0.2777777777777778,4.5,0.5261096605744126,0.9157088122605364,0.5261096605744126,1.0920502092050208
2020-09-19,OK ZADAR,MOK RIJEKA, 1-3,1,3,81,97,-4.0,MOK RIJEKA,1,0.20361990950226244,0.2,196,192,0.39285714285714285,0.13333333333333333,2.0,7.5,0.804077401520387,0.7443609022556391,0.804077401520387,1.3434343434343434
2020-09-19,MOK MURSA - OSIJEK,MOK MARSONIA, 3-0,3,0,79,58,7.0,MOK MURSA - OSIJEK,0,2.584795321637427,0.2,7,196,2.022222222222222,0.13333333333333333,0.6867469879518072,7.5,1.1738324684951815,0.8199052132701422,1.1738324684951815,1.2196531791907514
2020-09-19,HAOK MLADOST,OK ROVINJ, 3-0,3,0,75,39,12.0,HAOK MLADOST,0,6.6,0.0,7,196,1.6285714285714286,0.3333333333333333,0.19101123595505617,3.0,0.7467419635099913,0.9340659340659341,0.7467419635099913,1.0705882352941176
2020-09-19,OK RIBOLA KAŠTELA,OKM CENTROMETAL, 3-2,3,2,112,104,1.6,OK RIBOLA KAŠTELA,0,1.888888888888889,0.0,14,196,0.7758620689655172,0.3333333333333333,0.34782608695652173,3.0,0.587117212249208,0.8541666666666666,0.587117212249208,1.170731707317073
2020-09-23,OK KITRO VARAŽDIN,OK SISAK, 3-0,3,0,75,0,25.0,OK KITRO VARAŽDIN ,0,0.9107142857142857,0.6,196,200,1.064516129032258,1.5,1.0294117647058822,0.6666666666666666,0.9654588554012868,1.0845410628019323,0.9654588554012868,0.9220489977728286
2020-09-26,OKM CENTROMETAL,MOK MURSA - OSIJEK, 0-3,0,3,44,75,-10.333333333333334,MOK MURSA - OSIJEK,1,0.5777777777777778,0.4,7,7,0.6382978723404256,0.5,1.263157894736842,2.0,0.9072704867529267,0.8372591006423983,0.9072704867529267,1.1943734015345269
2020-09-26,MOK RIJEKA,OK SISAK, 3-2,3,2,107,103,0.8,MOK RIJEKA,0,1.5962837837837838,0.75,7,3,1.403225806451613,6.0,0.6619718309859155,0.16666666666666666,1.0128682695563833,1.167832167832168,1.0128682695563833,0.8562874251497006
2020-09-27,OK ZADAR,OK ROVINJ, 3-2,3,2,97,97,0.0,OK ZADAR,0,0.9714285714285713,0.75,8,8,0.9714285714285714,1.8333333333333333,1.0326086956521738,0.5454545454545454,1.0286202477573687,1.0357142857142858,1.0286202477573687,0.9655172413793104
2020-10-03,OK RIBOLA KAŠTELA,OK KITRO VARAŽDIN, 2-3,2,3,116,114,0.4,OK KITRO VARAŽDIN,1,1.7763157894736843,0.0,14,10,0.6956521739130435,0.3333333333333333,0.37142857142857144,3.0,0.608339029391661,0.6808510638297872,0.608339029391661,1.46875
2020-10-03,OK SISAK,OK ROVINJ, 3-1,3,1,95,79,4.0,OK SISAK,0,3.111111111111111,0.25,7,6,1.7297297297297298,0.4166666666666667,0.7789473684210526,2.4,1.2534864643150123,0.8201970443349754,1.2534864643150123,1.2192192192192193
2020-10-03,MOK MARSONIA,OKM CENTROMETAL, 0-3,0,3,60,75,-5.0,OKM CENTROMETAL,1,0.6612244897959183,0.5,14,7,0.75,0.45454545454545453,1.1466666666666667,2.2,0.9220475075276012,0.7493403693931399,0.9220475075276012,1.3345070422535212
2020-10-03,OK SPLIT,MOK RIJEKA, 1-3,1,3,85,88,-0.75,MOK RIJEKA,1,0.7702702702702703,0.2,28,7,0.8333333333333334,0.8,1.2653061224489797,1.25,0.9138153647514525,0.9055690072639225,0.9138153647514525,1.1042780748663101
2020-10-10,HAOK MLADOST,OKM CENTROMETAL, 3-0,3,0,75,54,7.0,HAOK MLADOST,0,2.4666666666666663,0.0,21,7,0.9523809523809523,0.3333333333333333,0.22666666666666666,3.0,0.585509138381201,0.6559139784946236,0.585509138381201,1.5245901639344261
2020-10-10,OK ZADAR,OK SISAK, 3-2,3,2,104,109,-1.0,OK ZADAR,0,0.3627450980392156,0.25,13,7,0.5522388059701493,0.16666666666666666,1.2933333333333332,6.0,0.7949857188194224,0.8558282208588958,0.7949857188194224,1.168458781362007
2020-10-10,OK KITRO VARAŽDIN,MOK MURSA - OSIJEK, 3-2,3,2,100,106,-1.2,OK KITRO VARAŽDIN ,0,0.6563706563706565,0.25,7,14,0.7422680412371134,0.4166666666666667,1.263157894736842,2.4,0.9153869316470943,0.9477806788511749,0.9153869316470943,1.0550964187327823
2020-10-10,MOK RIJEKA,OK RIBOLA KAŠTELA, 3-2,3,2,103,97,1.2,MOK RIJEKA,0,0.9914529914529915,0.6666666666666666,7,7,1.86,0.5714285714285714,1.7241379310344827,1.75,1.6803797468354431,0.8831168831168831,1.6803797468354431,1.1323529411764706
2020-10-10,OK ROVINJ,OK SPLIT, 0-3,0,3,54,75,-7.0,OK SPLIT,1,0.25132275132275134,0.25,7,7,0.5,0.25,1.5076923076923077,4.0,0.8631687242798354,0.8808864265927978,0.8631687242798354,1.1352201257861636
2020-10-13,HAOK MLADOST,OK ZADAR, 2-1,2,1,75,29,15.333333333333334,HAOK MLADOST,0,5.285714285714286,0.0,3,3,1.575,0.3333333333333333,0.1717171717171717,3.0,0.7163664239172096,0.7934782608695652,0.7163664239172096,1.2602739726027397
2020-10-17,MOK MURSA - OSIJEK,MOK RIJEKA, 3-0,3,0,77,60,5.666666666666667,MOK MURSA - OSIJEK,0,0.910569105691057,0.75,7,7,1.03125,1.0,1.1538461538461537,1.0,1.0419580419580419,1.0535211267605633,1.0419580419580419,0.9491978609625669
2020-10-17,OK RIBOLA KAŠTELA,OK ROVINJ, 3-1,3,1,96,89,1.75,OK RIBOLA KAŠTELA,0,5.285714285714286,0.0,7,7,1.368421052631579,0.3333333333333333,0.31683168316831684,3.0,0.7751847530143913,0.6703296703296703,0.7751847530143913,1.4918032786885247
2020-10-17,OK SPLIT,OK ZADAR, 3-0,3,0,75,42,11.0,OK SPLIT,0,3.0622710622710625,0.5,7,4,1.9268292682926829,0.45454545454545453,0.6435643564356436,2.2,1.1338134950720242,0.9297297297297298,1.1338134950720242,1.0755813953488371
2020-10-17,OK SISAK,HAOK MLADOST, 0-3,0,3,48,75,-9.0,HAOK MLADOST,1,0.4473684210526316,0.0,7,4,1.0615384615384615,0.3333333333333333,4.333333333333333,3.0,1.676954732510288,0.8,1.676954732510288,1.25
2020-10-17,MOK MARSONIA,OK KITRO VARAŽDIN, 0-3,0,3,70,77,-2.333333333333333,OK KITRO VARAŽDIN,1,0.5277777777777778,0.0,14,7,0.6,0.5454545454545454,1.2027027027027026,1.8333333333333333,0.8968152866242038,0.830379746835443,0.8968152866242038,1.204268292682927
2020-10-23,MOK RIJEKA,MOK MARSONIA, 3-0,3,0,75,61,4.666666666666667,MOK RIJEKA,0,3.0081300813008127,0.25,6,6,2.1333333333333333,0.2727272727272727,0.5978260869565217,3.6666666666666665,1.1604296604296604,0.655688622754491,1.1604296604296604,1.5251141552511416
2020-10-24,OK ZADAR,OK RIBOLA KAŠTELA, 1-2,1,2,46,75,-9.666666666666666,OK RIBOLA KAŠTELA,1,0.24679487179487178,0.0,7,7,0.7454545454545455,0.3333333333333333,3.1515151515151514,3.0,1.282910483484921,0.6559139784946236,1.282910483484921,1.5245901639344261
2020-10-24,OK SISAK,OK SPLIT, 0-3,0,3,65,80,-5.0,OK SPLIT,1,0.7580824972129321,1.0,7,7,0.8414634146341463,2.0,1.2461538461538462,0.5,1.0789302022178735,1.0955414012738853,1.0789302022178735,0.9127906976744186
2020-10-25,OK ROVINJ,MOK MURSA - OSIJEK, 0-3,0,3,44,75,-10.333333333333334,MOK MURSA - OSIJEK,1,0.19056261343012704,0.25,8,8,0.38235294117647056,0.25,1.7333333333333334,4.0,0.7591324200913242,0.8535911602209945,0.7591324200913242,1.1715210355987056
2020-10-25,OK KITRO VARAŽDIN,OKM CENTROMETAL, 2-3,2,3,101,102,-0.2,OKM CENTROMETAL,1,1.2341880341880342,0.25,8,15,1.2380952380952381,0.25,0.9487179487179487,4.0,1.0317511225144322,0.903954802259887,1.0317511225144322,1.10625
2020-10-25,HAOK MLADOST,MOK MARSONIA, 3-0,3,0,78,63,5.0,HAOK MLADOST,0,4.222222222222222,0.0,8,2,1.511111111111111,0.3333333333333333,0.18947368421052632,3.0,0.6851034950797421,0.9565217391304348,0.6851034950797421,1.0454545454545454
2020-10-31,MOK MURSA - OSIJEK,OK ZADAR, 2-1,2,1,75,39,12.0,MOK MURSA - OSIJEK,0,3.98671096345515,0.25,6,7,2.5,0.16666666666666666,0.5660377358490566,6.0,1.3129126925898753,0.7212121212121212,1.3129126925898753,1.3865546218487395
2020-10-31,OK SPLIT,HAOK MLADOST, 0-3,0,3,75,83,-2.6666666666666665,HAOK MLADOST,1,0.5853658536585366,0.0,7,6,1.1971830985915493,0.3333333333333333,3.611111111111111,3.0,1.5002384358607534,0.7446808510638298,1.5002384358607534,1.3428571428571427
2020-10-31,OKM CENTROMETAL,MOK RIJEKA, 3-2,3,2,107,107,0.0,OKM CENTROMETAL,0,0.5558312655086848,1.0,6,8,0.6666666666666666,1.6666666666666667,1.4545454545454546,0.6,0.9404205607476636,1.224755700325733,0.9404205607476636,0.8164893617021277
2020-11-07,OK ROVINJ,OKM CENTROMETAL, 1-3,1,3,96,97,-0.25,OKM CENTROMETAL,1,0.30165912518853694,0.4,13,7,0.5652173913043478,0.2857142857142857,1.3048780487804879,3.5,0.8127442140066126,0.8056206088992974,0.8127442140066126,1.2412790697674418
2020-11-08,OK ZADAR,MOK MARSONIA, 3-2,3,2,95,116,-4.2,OK ZADAR,0,0.7398373983739838,0.2,8,14,0.9555555555555556,0.8181818181818182,1.1020408163265305,1.2222222222222223,0.9186046511627907,0.9577777777777777,0.9186046511627907,1.0440835266821347
2020-11-14,MOK MARSONIA,OK SISAK, 3-1,3,1,97,92,1.25,MOK MARSONIA,0,0.5294117647058824,0.25,6,21,0.6811594202898551,0.25,1.2023809523809523,4.0,0.9267714201008005,0.9013698630136986,0.9267714201008005,1.1094224924012157
2020-11-14,MOK MURSA - OSIJEK,OK SPLIT, 3-1,3,1,101,91,2.5,MOK MURSA - OSIJEK,0,1.2329545454545456,0.2,14,14,1.2588235294117647,0.5,0.8970588235294118,2.0,1.1344303011487116,0.8333333333333334,1.1344303011487116,1.2
2020-11-14,OK KITRO VARAŽDIN,MOK RIJEKA, 3-2,3,2,105,101,0.8,OK KITRO VARAŽDIN ,0,0.6588709677419355,0.75,20,14,0.7920792079207921,3.0,1.3275862068965518,0.3333333333333333,0.9396771452846219,1.2702702702702702,0.9396771452846219,0.7872340425531915
2020-11-15,OK RIBOLA KAŠTELA,HAOK MLADOST, 0-3,0,3,61,75,-4.666666666666667,HAOK MLADOST,1,0.7391304347826086,0.0,22,15,0.7702702702702703,0.3333333333333333,1.8888888888888888,3.0,0.9926605504587156,0.8880866425992779,0.9926605504587156,1.1260162601626016
2020-11-18,OK RIBOLA KAŠTELA,OK SISAK, 3-0,3,0,75,48,9.0,OK RIBOLA KAŠTELA,0,1.7083333333333335,0.0,3,4,0.8142857142857143,0.375,0.42528735632183906,2.6666666666666665,0.6421356421356421,0.8764478764478765,0.6421356421356421,1.1409691629955947
2020-11-19,HAOK MLADOST,OK KITRO VARAŽDIN, 3-0,3,0,75,51,8.0,HAOK MLADOST,0,2.0500000000000003,0.0,4,5,0.927710843373494,0.3333333333333333,0.22784810126582278,3.0,0.6587788489628981,0.8777777777777778,0.6587788489628981,1.139240506329114
2020-11-21,OK ZADAR,MOK RIJEKA, 0-3,0,3,57,75,-6.0,MOK RIJEKA,1,0.2703533026113671,0.16666666666666666,13,7,0.44660194174757284,0.16666666666666666,1.8032786885245902,6.0,0.7874449339207048,0.7620967741935484,0.7874449339207048,1.312169312169312
2020-11-21,MOK MARSONIA,OK KITRO VARAŽDIN, 1-3,1,3,85,98,-3.25,OK KITRO VARAŽDIN,1,0.5121951219512195,0.0,7,2,0.6024096385542169,0.42857142857142855,1.2439024390243902,2.3333333333333335,0.9277489925158319,0.8432203389830508,0.9277489925158319,1.185929648241206
2020-11-28,HAOK MLADOST,MOK RIJEKA, 3-0,3,0,75,43,10.666666666666666,HAOK MLADOST,0,1.40625,0.0,9,7,0.7547169811320755,0.2222222222222222,0.29508196721311475,4.5,0.6285405988670084,0.6943396226415094,0.6285405988670084,1.440217391304348
2020-11-28,OK RIBOLA KAŠTELA,MOK MARSONIA, 3-0,3,0,75,48,9.0,OK RIBOLA KAŠTELA,0,3.024,0.0,10,7,1.1764705882352942,0.3333333333333333,0.3523809523809524,3.0,0.6952841596130592,0.6224489795918368,0.6952841596130592,1.6065573770491803
2020-11-28,OK ROVINJ,OK KITRO VARAŽDIN, 0-3,0,3,55,75,-6.666666666666667,OK KITRO VARAŽDIN,1,0.255952380952381,0.25,21,7,0.46511627906976744,0.36363636363636365,1.3253012048192772,2.75,0.7838745800671892,0.8419540229885057,0.7838745800671892,1.1877133105802047
2020-12-03,OK ROVINJ,OKM CENTROMETAL, 2-3,2,3,103,113,-2.0,OKM CENTROMETAL,1,0.2777777777777778,0.3333333333333333,5,26,0.5555555555555556,0.29411764705882354,1.3614457831325302,3.4,0.833820093457944,0.8396946564885496,0.833820093457944,1.190909090909091
2020-12-05,OK SISAK,OK RIBOLA KAŠTELA, 0-3,0,3,55,75,-6.666666666666667,OK RIBOLA KAŠTELA,1,0.5538847117794486,0.25,17,7,1.1111111111111112,0.2727272727272727,2.4324324324324325,3.6666666666666665,1.479157894736842,0.8233532934131736,1.479157894736842,1.2145454545454546
2020-12-05,OK SPLIT,MOK RIJEKA, 3-1,3,1,100,84,4.0,OK SPLIT,0,0.8023255813953488,0.16666666666666666,21,7,0.8113207547169812,0.6923076923076923,1.109375,1.4444444444444444,0.8832,0.9161676646706587,0.8832,1.091503267973856
2020-12-05,OK KITRO VARAŽDIN,HAOK MLADOST, 0-3,0,3,50,75,-8.333333333333334,HAOK MLADOST,1,0.5,0.3333333333333333,7,7,1.072289156626506,0.2222222222222222,4.611111111111111,4.5,1.5164241164241163,0.8196078431372549,1.5164241164241163,1.2200956937799043
2020-12-06,OK SPLIT,MOK MARSONIA, 3-0,3,0,75,59,5.333333333333333,OK SPLIT,0,2.4431818181818183,0.5,1,8,1.7450980392156863,0.6666666666666666,0.6666666666666666,1.5,1.0166865315852205,0.8319327731092437,1.0166865315852205,1.202020202020202
2020-12-10,OK SISAK,MOK MURSA - OSIJEK, 0-3,0,3,50,75,-8.333333333333334,MOK MURSA - OSIJEK,1,0.5559593023255813,0.75,5,26,0.6363636363636364,3.0,1.5,0.3333333333333333,0.9501997336884155,1.161812297734628,0.9501997336884155,0.8607242339832869
2020-12-11,OK KITRO VARAŽDIN,OK SPLIT, 1-3,1,3,81,93,-3.0,OK SPLIT,1,0.8461538461538463,0.5,6,5,0.967391304347826,1.2,1.1944444444444444,0.8333333333333334,1.0602236879839404,1.0308370044052864,1.0602236879839404,0.9700854700854701
2020-12-12,OKM CENTROMETAL,OK SPLIT, 0-3,0,3,74,82,-2.6666666666666665,OK SPLIT,1,0.7707231040564373,1.0,9,1,0.7894736842105263,1.8,1.1643835616438356,0.5555555555555556,0.9879888268156425,1.0888157894736843,0.9879888268156425,0.918429003021148
2020-12-12,MOK RIJEKA,OK ROVINJ, 3-1,3,1,91,79,3.0,MOK RIJEKA,0,5.719148936170213,0.25,7,9,2.5476190476190474,0.16666666666666666,0.5775862068965517,6.0,1.2961460446247464,0.6831395348837209,1.2961460446247464,1.4638297872340424
2020-12-13,MOK MURSA - OSIJEK,HAOK MLADOST, 3-1,3,1,106,102,1.0,MOK MURSA - OSIJEK,0,0.717391304347826,0.5,3,8,1.313953488372093,0.3333333333333333,3.4444444444444446,3.0,1.5443548387096775,0.9293478260869565,1.5443548387096775,1.0760233918128654
2020-12-16,OKM CENTROMETAL,MOK MURSA - OSIJEK, 0-3,0,3,51,75,-8.0,MOK MURSA - OSIJEK,1,0.6108071135430916,0.3333333333333333,4,3,0.646551724137931,0.4117647058823529,1.3968253968253967,2.4285714285714284,0.9174288617886179,0.8025830258302583,0.9174288617886179,1.2459770114942528
2020-12-18,OK MEDICINAR TRNJE,OK ROVINJ, 3-0,3,0,78,70,2.6666666666666665,OK MEDICINAR TRNJE,0,3.035294117647059,0.75,286,6,1.255813953488372,4.0,0.6050420168067226,0.25,0.8992426736911425,1.4342629482071714,0.8992426736911425,0.6972222222222222
2020-12-19,OK SPLIT,OK RIBOLA KAŠTELA, 0-3,0,3,68,80,-4.0,OK RIBOLA KAŠTELA,1,0.8042553191489362,0.0,7,14,1.4848484848484849,0.3333333333333333,1.972972972972973,3.0,1.4946938775510203,0.7755102040816326,1.4946938775510203,1.2894736842105263
2020-12-20,OK RIBOLA KAŠTELA,MOK MURSA - OSIJEK, 1-3,1,3,84,97,-3.25,MOK MURSA - OSIJEK,1,1.0285714285714287,0.0,1,4,0.5798319327731093,0.2222222222222222,0.5873015873015873,4.5,0.6307653951633009,0.9128787878787878,0.6307653951633009,1.095435684647303
2021-01-09,OKM CENTROMETAL,OK ZADAR, 2-1,2,1,75,43,10.666666666666666,OKM CENTROMETAL,0,2.3210227272727275,0.25,24,49,1.6304347826086956,0.16666666666666666,0.8053097345132744,6.0,1.2553993829276655,0.7300613496932515,1.2553993829276655,1.3697478991596639
2021-01-13,OK KITRO VARAŽDIN,OK ZADAR, 3-0,3,0,75,50,8.333333333333334,OK KITRO VARAŽDIN ,0,2.630434782608696,0.5,33,4,1.9148936170212767,0.5,0.7739130434782608,2.0,1.2763513513513514,0.8495575221238938,1.2763513513513514,1.1770833333333333
2021-01-16,OKM CENTROMETAL,OK SISAK, 3-0,3,0,75,55,6.666666666666667,OKM CENTROMETAL,0,1.1503267973856208,0.5,7,37,1.1,0.5,0.9583333333333334,2.0,1.0328911000552792,0.9406528189910979,1.0328911000552792,1.0630914826498423
2021-01-23,MOK MARSONIA,MOK MURSA - OSIJEK, 0-3,0,3,49,75,-8.666666666666666,MOK MURSA - OSIJEK,1,0.3093434343434343,0.3333333333333333,48,34,0.4180327868852459,0.1111111111111111,1.734375,9.0,0.8313047711781889,0.8063872255489022,0.8313047711781889,1.24009900990099
2021-01-23,OK ROVINJ,HAOK MLADOST, 0-3,0,3,49,73,-8.0,HAOK MLADOST,1,0.11755485893416927,0.3333333333333333,36,41,0.4942528735632184,0.2222222222222222,5.809523809523809,4.5,1.2033307513555382,0.8132295719844358,1.2033307513555382,1.229665071770335
2021-01-23,MOK RIJEKA,OK ZADAR, 1-3,1,3,83,86,-0.75,OK ZADAR,1,3.8671875,0.14285714285714285,42,10,2.3404255319148937,0.14285714285714285,0.576271186440678,7.0,1.303986710963455,0.7618213660245184,1.303986710963455,1.3126436781609196
2021-01-23,OKM CENTROMETAL,OK RIBOLA KAŠTELA, 1-3,1,3,94,100,-1.5,OK RIBOLA KAŠTELA,1,0.6304347826086956,0.3333333333333333,7,34,1.1428571428571428,0.4444444444444444,2.3,2.25,1.4583014537107881,0.881578947368421,1.4583014537107881,1.1343283582089552
2021-01-24,OK SISAK,OK KITRO VARAŽDIN, 0-3,0,3,54,75,-7.0,OK KITRO VARAŽDIN,1,0.7719806763285024,0.6666666666666666,8,11,0.7526881720430108,1.875,1.1123595505617978,0.5333333333333333,0.9532831559823514,1.2657004830917875,0.9532831559823514,0.7900763358778626
2021-01-30,OK ROVINJ,OK ZADAR, 2-3,2,3,108,107,0.2,OK ZADAR,1,0.5679012345679012,0.8,7,7,0.86,1.4444444444444444,1.050420168067227,0.6923076923076923,1.0193798449612403,1.0281995661605206,1.0193798449612403,0.9725738396624473
2021-01-30,MOK MURSA - OSIJEK,OKM CENTROMETAL, 3-0,3,0,75,40,11.666666666666666,MOK MURSA - OSIJEK,0,1.6561904761904762,0.2857142857142857,7,7,1.5432098765432098,0.35,0.6736842105263158,2.857142857142857,1.0709165386584742,0.7876823338735819,1.0709165386584742,1.2695473251028806
2021-01-30,OK SPLIT,OK KITRO VARAŽDIN, 3-0,3,0,75,59,5.333333333333333,OK SPLIT,0,1.1666666666666667,0.42857142857142855,42,6,1.0208333333333333,1.3636363636363635,0.8539325842696629,0.7333333333333333,0.9495926680244399,1.0485981308411214,0.9495926680244399,0.9536541889483066
2021-01-31,MOK MARSONIA,HAOK MLADOST, 0-3,0,3,53,75,-7.333333333333333,HAOK MLADOST,1,0.2296296296296296,0.3333333333333333,8,8,0.5666666666666667,0.2222222222222222,5.428571428571429,4.5,1.304708097928437,0.9122137404580153,1.304708097928437,1.096234309623431
2021-01-31,OK SISAK,MOK RIJEKA, 3-0,3,0,75,56,6.333333333333333,OK SISAK,0,0.5487483530961792,0.8,7,8,0.6306306306306306,3.75,1.4366197183098592,0.26666666666666666,0.9298902195608783,1.1336760925449871,0.9298902195608783,0.8820861678004536
2021-02-06,OK ZADAR,HAOK MLADOST, 0-3,0,3,0,75,-25.0,HAOK MLADOST,1,0.21962937542896363,0.3333333333333333,7,6,0.5698924731182796,0.375,5.761904761904762,2.6666666666666665,1.1732600732600733,0.6756756756756757,1.1732600732600733,1.48
2021-02-06,OKM CENTROMETAL,MOK MARSONIA, 3-1,3,1,96,74,5.5,OKM CENTROMETAL,0,2.0125,0.4,7,6,1.588235294117647,0.35714285714285715,0.8376068376068376,2.8,1.1219789593403469,0.7577092511013216,1.1219789593403469,1.319767441860465
2021-02-06,OK KITRO VARAŽDIN,OK RIBOLA KAŠTELA, 0-3,0,3,57,75,-6.0,OK RIBOLA KAŠTELA,1,0.6679035250463822,0.0,7,14,1.3150684931506849,0.625,2.2439024390243905,1.6,1.4690493736182757,0.7960526315789473,1.4690493736182757,1.256198347107438
2021-02-06,OK ROVINJ,OK SISAK, 3-1,3,1,87,79,2.0,OK ROVINJ,0,0.28381642512077293,0.4,7,6,0.6164383561643836,0.4,1.2549019607843137,2.5,0.8584955286691215,0.8223552894211577,0.8584955286691215,1.2160194174757282
2021-02-06,MOK RIJEKA,OK SPLIT, 0-3,0,3,48,75,-9.0,OK SPLIT,1,1.1151724137931036,0.2857142857142857,6,7,1.099009900990099,0.8571428571428571,0.9736842105263158,1.1666666666666667,1.0680683311432326,0.9555555555555556,1.0680683311432326,1.0465116279069768
2021-02-10,MOK MURSA - OSIJEK,OK SPLIT, 3-1,3,1,103,95,2.0,MOK MURSA - OSIJEK,0,1.2418300653594772,0.3333333333333333,11,4,1.2307692307692308,0.47058823529411764,0.8421052631578947,2.125,1.0974226804123712,0.8454706927175843,1.0974226804123712,1.1827731092436975
2021-02-11,MOK MARSONIA,OK SPLIT, 0-3,0,3,53,75,-7.333333333333333,OK SPLIT,1,0.36170212765957444,0.6,5,1,0.49523809523809526,0.5,1.518987341772152,2.0,0.9033962264150943,0.8240740740740741,0.9033962264150943,1.2134831460674158
2021-02-13,OK RIBOLA KAŠTELA,MOK RIJEKA, 3-0,3,0,75,44,10.333333333333334,OK RIBOLA KAŠTELA,0,1.1466275659824046,0.75,7,7,0.6846846846846847,0.7777777777777778,0.5324675324675324,1.2857142857142858,0.6782587548638133,0.9359756097560976,0.6782587548638133,1.0684039087947883
2021-02-13,MOK MURSA - OSIJEK,OK KITRO VARAŽDIN, 2-1,2,1,75,45,10.0,MOK MURSA - OSIJEK,0,1.5625,0.4,3,7,1.3645833333333333,0.5714285714285714,0.6842105263157895,1.75,1.0783877349159248,0.9468302658486708,1.0783877349159248,1.0561555075593954
2021-02-13,OKM CENTROMETAL,HAOK MLADOST, 0-3,0,3,33,75,-14.0,HAOK MLADOST,1,0.4630102040816326,0.3333333333333333,7,7,0.875,0.2222222222222222,4.714285714285714,4.5,1.4409982174688056,0.6743295019157088,1.4409982174688056,1.4829545454545454
2021-02-13,OK SISAK,OK ZADAR, 2-3,2,3,95,102,-1.4,OK ZADAR,1,1.7999999999999998,0.4,7,7,1.3962264150943395,0.35714285714285715,0.8467741935483871,2.8,1.2116765532313456,0.8804597701149425,1.2116765532313456,1.1357702349869452
2021-02-14,MOK MARSONIA,OK ZADAR, 3-0,3,0,80,68,4.0,MOK MARSONIA,0,0.9280303030303031,0.3333333333333333,3,1,0.9285714285714286,0.7857142857142857,0.9761904761904762,1.2727272727272727,1.102571860816944,1.003669724770642,1.102571860816944,0.9963436928702011
2021-02-14,OK SPLIT,OK ROVINJ, 3-0,3,0,75,51,8.0,OK SPLIT,0,4.669871794871796,0.2,3,8,2.25,0.2,0.6124031007751938,5.0,1.2085944494180842,0.8532110091743119,1.2085944494180842,1.1720430107526882
2021-02-16,OK RIBOLA KAŠTELA,HAOK MLADOST, 3-2,3,2,103,102,0.2,OK RIBOLA KAŠTELA,0,0.7727272727272727,0.0,3,3,0.797979797979798,0.25,1.9523809523809523,4.0,0.9944444444444445,0.8721590909090909,0.9944444444444445,1.1465798045602607
2021-02-20,HAOK MLADOST,OK SISAK, 3-0,3,0,75,41,11.333333333333334,HAOK MLADOST,0,2.5666666666666664,0.0,4,7,1.3289473684210527,0.2222222222222222,0.2222222222222222,4.5,0.75,0.7547169811320755,0.75,1.325
2021-02-20,OK ROVINJ,OK RIBOLA KAŠTELA, 1-3,1,3,67,94,-6.75,OK RIBOLA KAŠTELA,1,0.165,0.3333333333333333,6,4,0.5853658536585366,0.3333333333333333,3.0697674418604652,3.0,1.1466127401415571,0.7589928057553957,1.1466127401415571,1.3175355450236967
2021-02-20,OK ZADAR,OK SPLIT, 0-3,0,3,53,81,-9.333333333333334,OK SPLIT,1,0.364375,0.6,6,6,0.5045045045045045,0.35714285714285715,1.6329113924050633,2.8,0.8176969696969697,0.8674157303370786,0.8176969696969697,1.1528497409326426
2021-02-20,MOK RIJEKA,MOK MURSA - OSIJEK, 1-2,1,2,47,75,-9.333333333333334,MOK MURSA - OSIJEK,1,0.8408653846153845,0.8,7,7,0.8345864661654135,0.7272727272727273,1.2121212121212122,1.375,0.9368800721370604,1.0046296296296295,0.9368800721370604,0.9953917050691244
2021-02-20,OK KITRO VARAŽDIN,MOK MARSONIA, 3-0,3,0,75,51,8.0,OK KITRO VARAŽDIN ,0,2.0962566844919786,0.0,7,6,1.7636363636363637,0.4117647058823529,0.7886178861788617,2.4285714285714284,1.0980128893662728,0.8473684210526315,1.0980128893662728,1.1801242236024845
2021-02-27,MOK MURSA - OSIJEK,OK ROVINJ, 3-0,3,0,75,51,8.0,MOK MURSA - OSIJEK,0,6.200617283950618,0.2,7,7,2.7551020408163267,0.2,0.4962962962962963,5.0,1.3003747477659269,0.8077803203661327,1.3003747477659269,1.2379603399433428
2021-02-27,OK RIBOLA KAŠTELA,OK ZADAR, 2-1,2,1,75,43,10.666666666666666,OK RIBOLA KAŠTELA,0,3.545454545454545,0.0,7,7,1.5178571428571428,0.375,0.3333333333333333,2.6666666666666665,0.8934617629889083,0.6436781609195402,0.8934617629889083,1.5535714285714286
2021-02-27,MOK MARSONIA,MOK RIJEKA, 3-1,3,1,99,86,3.25,MOK MARSONIA,0,0.35333333333333333,0.4,7,7,0.49107142857142855,0.21428571428571427,1.5365853658536586,4.666666666666667,0.8981679752557696,0.684596577017115,0.8981679752557696,1.4607142857142856
2021-02-27,OK SPLIT,OK SISAK, 3-0,3,0,75,46,9.666666666666666,OK SPLIT,0,1.697530864197531,0.8,7,7,1.5,2.6,0.7117117117117117,0.38461538461538464,1.0470500373412994,1.1187335092348285,1.0470500373412994,0.8938679245283019
2021-02-27,OKM CENTROMETAL,OK KITRO VARAŽDIN, 3-0,3,0,75,57,6.0,OKM CENTROMETAL,0,0.9152,0.2,14,7,0.84,0.42857142857142855,1.0515463917525774,2.3333333333333335,0.9786263208453411,0.9274725274725275,0.9786263208453411,1.0781990521327014
2021-03-06,OK ZADAR,MOK MURSA - OSIJEK, 1-2,1,2,46,75,-9.666666666666666,MOK MURSA - OSIJEK,1,0.277014652014652,0.4,7,7,0.41304347826086957,0.21428571428571427,2.0,4.666666666666667,0.7564326210204971,0.6839506172839506,0.7564326210204971,1.4620938628158844
2021-03-06,OK ROVINJ,MOK MARSONIA, 3-0,3,0,75,59,5.333333333333333,OK ROVINJ,0,0.51,0.75,7,7,0.8448275862068966,0.75,1.0866141732283465,1.3333333333333333,0.9086215797625193,0.9345794392523364,0.9086215797625193,1.07
2021-03-06,HAOK MLADOST,OK SPLIT, 3-1,3,1,97,70,6.75,HAOK MLADOST,0,1.5277777777777777,0.0,14,7,0.8888888888888888,0.2222222222222222,0.3037974683544304,4.5,0.7140854940434478,0.7933579335793358,0.7140854940434478,1.2604651162790699
2021-03-06,MOK RIJEKA,OKM CENTROMETAL, 0-3,0,3,44,75,-10.333333333333334,OKM CENTROMETAL,1,1.355072463768116,1.0,7,7,1.2988505747126438,1.3333333333333333,0.8333333333333334,0.75,1.0334939759036144,1.1666666666666667,1.0334939759036144,0.8571428571428571
2021-03-11,MOK MURSA - OSIJEK,OK RIBOLA KAŠTELA, 3-1,3,1,92,90,0.5,MOK MURSA - OSIJEK,0,0.9953703703703703,0.0,5,12,1.6091954022988506,0.5,1.511111111111111,2.0,1.4862882653061225,0.9712643678160919,1.4862882653061225,1.029585798816568
2021-03-12,OK KITRO VARAŽDIN,HAOK MLADOST, 0-3,0,3,58,76,-6.0,HAOK MLADOST,1,0.4986522911051213,0.25,13,6,0.9345794392523364,0.16666666666666666,4.0,6.0,1.3383005707038682,0.7848484848484848,1.3383005707038682,1.274131274131274
2021-03-14,OK KITRO VARAŽDIN,OK ROVINJ, 1-3,1,3,95,89,1.5,OK ROVINJ,1,3.3730158730158726,0.2,2,8,1.9230769230769231,0.2857142857142857,0.7463768115942029,3.5,1.1902642559109875,0.8226950354609929,1.1902642559109875,1.2155172413793103
2021-03-14,MOK MURSA - OSIJEK,OK SISAK, 2-1,2,1,75,32,14.333333333333334,MOK MURSA - OSIJEK,0,2.187134502923976,0.6,3,15,1.881578947368421,3.75,0.6052631578947368,0.26666666666666666,1.1698252522766428,1.2089136490250696,1.1698252522766428,0.8271889400921659
2021-03-14,OK RIBOLA KAŠTELA,OK SPLIT, 0-3,0,3,68,76,-2.6666666666666665,OK SPLIT,1,1.2352941176470589,0.0,3,8,0.7457627118644068,0.2222222222222222,0.5853658536585366,4.5,0.7414387497127097,0.7971014492753623,0.7414387497127097,1.2545454545454546
2021-03-19,OK SISAK,OK RIBOLA KAŠTELA, 0-3,0,3,37,75,-12.666666666666666,OK RIBOLA KAŠTELA,1,0.47435897435897434,0.2,5,5,0.875,0.21428571428571427,2.2745098039215685,4.666666666666667,1.2431693989071038,0.8068459657701712,1.2431693989071038,1.2393939393939395
2021-03-20,HAOK MLADOST,OK RIBOLA KAŠTELA, 3-0,3,0,75,53,7.333333333333333,HAOK MLADOST,0,1.2857142857142858,0.2,8,1,1.2087912087912087,0.42857142857142855,0.49019607843137253,2.3333333333333335,0.9587414663104779,0.9030837004405287,0.9587414663104779,1.1073170731707318
2021-03-20,OK SPLIT,MOK MURSA - OSIJEK, 0-3,0,3,61,75,-4.666666666666667,MOK MURSA - OSIJEK,1,0.7914230019493178,0.42857142857142855,6,6,0.8344827586206897,0.45,1.1714285714285715,2.2222222222222223,0.9169428334714167,0.8573573573573574,0.9169428334714167,1.1663747810858143
2021-03-20,OK SISAK,MOK MARSONIA, 0-3,0,3,65,77,-4.0,MOK MARSONIA,1,1.471698113207547,0.4,1,14,1.3275862068965518,0.46153846153846156,0.9153846153846154,2.1666666666666665,1.0505975082634122,0.9321663019693655,1.0505975082634122,1.0727699530516432
2021-03-20,MOK RIJEKA,OK KITRO VARAŽDIN, 0-3,0,3,53,75,-7.333333333333333,OK KITRO VARAŽDIN,1,1.32,0.8,14,6,1.118811881188119,2.0,0.8301886792452831,0.5,0.9906264288980339,1.1895261845386533,0.9906264288980339,0.8406708595387841
2021-03-20,OK ZADAR,OKM CENTROMETAL, 1-3,1,3,73,95,-5.5,OKM CENTROMETAL,1,0.449685534591195,0.4,14,14,0.6444444444444445,0.21428571428571427,1.3333333333333333,4.666666666666667,0.8319526627218935,0.7007481296758105,0.8319526627218935,1.4270462633451957
2021-03-26,MOK RIJEKA,HAOK MLADOST, 0-3,0,3,41,75,-11.333333333333334,HAOK MLADOST,1,0.6211389961389961,0.25,6,6,1.0,0.16666666666666666,3.64,6.0,1.3270801815431166,0.6676470588235294,1.3270801815431166,1.497797356828194
2021-03-27,OKM CENTROMETAL,OK ROVINJ, 3-0,3,0,76,58,6.0,OKM CENTROMETAL,0,3.0660377358490565,0.2857142857142857,7,13,1.690909090909091,0.35,0.7410071942446043,2.857142857142857,1.1726384364820848,0.8524332810047096,1.1726384364820848,1.1731123388581952
2021-03-27,MOK MURSA - OSIJEK,OK RIBOLA KAŠTELA, 3-2,3,2,112,108,0.8,MOK MURSA - OSIJEK,0,1.0859564164648912,0.2,7,7,1.6263736263736264,0.7272727272727273,1.2962962962962963,1.375,1.4327878433664523,0.9817351598173516,1.4327878433664523,1.0186046511627906
2021-03-28,MOK MARSONIA,OK RIBOLA KAŠTELA, 2-3,2,3,109,114,-1.0,OK RIBOLA KAŠTELA,1,0.3504043126684636,0.3333333333333333,8,1,0.6559139784946236,0.2222222222222222,2.280701754385965,4.5,1.1359773371104815,0.6273062730627307,1.1359773371104815,1.5941176470588236
2021-03-28,OKM CENTROMETAL,OK SISAK, 3-0,3,0,75,53,7.333333333333333,OKM CENTROMETAL,0,1.4444444444444444,0.6,1,8,1.2467532467532467,0.8,0.8442622950819673,1.25,1.047414820109602,1.0,1.047414820109602,1.0
2021-04-03,OK ROVINJ,MOK RIJEKA, 3-1,3,1,95,81,3.5,OK ROVINJ,0,0.2607204116638079,0.4,7,8,0.48672566371681414,0.2,1.5106382978723405,5.0,0.8452676756268354,0.7218390804597701,0.8452676756268354,1.3853503184713376
2021-04-03,OK SPLIT,OKM CENTROMETAL, 3-0,3,0,80,71,3.0,OK SPLIT,0,1.2292464878671776,0.8,14,6,1.2222222222222223,2.4,0.8252427184466019,0.4166666666666667,1.0038022813688212,1.0925925925925926,1.0038022813688212,0.9152542372881356
2021-04-03,HAOK MLADOST,MOK MURSA - OSIJEK, 3-0,3,0,75,58,5.666666666666667,HAOK MLADOST,0,1.2127659574468084,0.6,8,7,0.7682119205298014,0.5384615384615384,0.3472222222222222,1.8571428571428572,0.6739780658025922,0.9531914893617022,0.6739780658025922,1.0491071428571428
2021-04-10,HAOK MLADOST,OK RIBOLA KAŠTELA, 3-1,3,1,95,75,5.0,HAOK MLADOST,0,1.3448275862068966,0.3333333333333333,7,13,1.2395833333333333,0.35294117647058826,0.423728813559322,2.8333333333333335,0.9481339187705817,0.8752362948960303,0.9481339187705817,1.142548596112311
2021-04-10,OK ZADAR,OK KITRO VARAŽDIN, 3-2,3,2,89,109,-4.0,OK ZADAR,0,0.4387464387464387,0.6,21,21,0.5673076923076923,0.38461538461538464,1.3113207547169812,2.6,0.8064733648010789,0.8164251207729468,0.8064733648010789,1.2248520710059172
2021-04-10,MOK MURSA - OSIJEK,OK SPLIT, 1-3,1,3,80,100,-5.0,OK SPLIT,1,1.2627504553734061,0.375,7,7,1.217741935483871,0.391304347826087,0.8823529411764706,2.5555555555555554,1.1105516637478108,0.8529014844804319,1.1105516637478108,1.1724683544303798
2021-04-14,OK SPLIT,MOK MURSA - OSIJEK, 2-3,2,3,104,110,-1.2,MOK MURSA - OSIJEK,1,0.8134751773049645,0.3333333333333333,4,4,0.8355263157894737,0.5,1.1025641025641026,2.0,0.9058800698622161,0.8915956151035322,0.9058800698622161,1.1215846994535519
2021-04-14,OK RIBOLA KAŠTELA,HAOK MLADOST, 2-3,2,3,106,102,0.8,HAOK MLADOST,1,0.725,0.42857142857142855,4,4,0.7950819672131147,0.35,2.3846153846153846,2.857142857142857,1.0476056338028168,0.8621794871794872,1.0476056338028168,1.1598513011152416
2021-04-17,HAOK MLADOST,OK RIBOLA KAŠTELA, 3-0,3,0,75,52,7.666666666666667,HAOK MLADOST,0,1.413793103448276,0.375,3,3,1.2626262626262625,0.391304347826087,0.4307692307692308,2.5555555555555554,0.9547712418300653,0.8870523415977961,0.9547712418300653,1.1273291925465838
2021-04-17,MOK MURSA - OSIJEK,OK SPLIT, 3-2,3,2,112,106,1.2,MOK MURSA - OSIJEK,0,1.256113256113256,0.3,3,3,1.2015503875968991,0.5185185185185185,0.898876404494382,1.9285714285714286,1.1028918692372172,0.8979591836734694,1.1028918692372172,1.1136363636363635
2021-04-21,HAOK MLADOST,MOK MURSA - OSIJEK, 2-1,2,1,75,51,8.0,HAOK MLADOST,0,1.2467532467532467,0.6666666666666666,4,4,0.810126582278481,0.4375,0.34146341463414637,2.2857142857142856,0.6933953488372093,0.9284403669724771,0.6933953488372093,1.0770750988142292
2021-04-24,MOK MURSA - OSIJEK,HAOK MLADOST, 3-0,3,0,78,58,6.666666666666667,MOK MURSA - OSIJEK,0,0.7889087656529516,0.7142857142857143,3,3,1.2230769230769232,0.4444444444444444,2.896551724137931,2.25,1.4271436086270384,0.8983870967741936,1.4271436086270384,1.1131059245960502
2021-04-28,HAOK MLADOST,MOK MURSA - OSIJEK, 3-0,3,0,75,51,8.0,HAOK MLADOST,0,1.233913043478261,0.75,4,4,0.8024691358024691,0.6111111111111112,0.38095238095238093,1.6363636363636365,0.7013081395348837,0.9365781710914455,0.7013081395348837,1.0677165354330709
2021-10-01,MOK MARSONIA,OK ZADAR, 3-0,3,0,75,47,9.333333333333334,MOK MARSONIA,0,1.103395061728395,0.42857142857142855,187,174,1.0161290322580645,1.0,0.9432624113475178,1.0,1.120206690236606,1.0228384991843393,1.120206690236606,0.9776714513556619
2021-10-02,HAOK MLADOST,OK SPLIT, 3-0,3,0,75,51,8.0,HAOK MLADOST,0,1.5687176538240368,0.25,157,168,1.015267175572519,0.25,0.34782608695652173,4.0,0.8066830668306683,0.7744565217391305,0.8066830668306683,1.2912280701754386
2021-10-02,MOK MURSA - OSIJEK,OK ZADAR, 2-1,2,1,75,37,12.666666666666666,MOK MURSA - OSIJEK,0,3.4825870646766175,0.3333333333333333,157,1,2.6129032258064515,0.25,0.6041666666666666,4.0,1.4916756176154673,0.6729166666666667,1.4916756176154673,1.4860681114551084
2021-10-02,OK SISAK,MOK RIJEKA, 3-1,3,1,102,91,2.75,OK SISAK,0,0.5752066115702479,0.8333333333333334,188,182,0.6754385964912281,2.142857142857143,1.288659793814433,0.4666666666666667,0.9427684117125111,1.0711206896551724,0.9427684117125111,0.9336016096579477
2021-10-02,OK KITRO VARAŽDIN,OK GORICA, 3-0,3,0,75,47,9.333333333333334,OK KITRO VARAŽDIN ,0,100000,1.0,175,824,7.571428571428571,3.0,2.5952380952380953,0.3333333333333333,4.459882583170255,1.1645569620253164,4.459882583170255,0.8586956521739131
2021-10-03,MOK MARSONIA,OK RIBOLA KAŠTELA, 0-3,0,3,41,75,-11.333333333333334,OK RIBOLA KAŠTELA,1,0.38620689655172413,0.25,2,169,0.6666666666666666,0.3333333333333333,1.9558823529411764,3.0,1.0817642507093113,0.7246753246753247,1.0817642507093113,1.3799283154121864
2021-10-07,OK ZADAR,HAOK MLADOST, 0-3,0,3,44,75,-10.333333333333334,HAOK MLADOST,1,0.2245614035087719,0.25,5,5,0.4632352941176471,0.2727272727272727,4.5625,3.6666666666666665,0.9379052369077306,0.5239520958083832,0.9379052369077306,1.9085714285714286
2021-10-09,OK RIBOLA KAŠTELA,OK KITRO VARAŽDIN, 3-0,3,0,76,67,3.0,OK RIBOLA KAŠTELA,0,1.4320987654320987,0.0,6,7,0.9357798165137615,0.45454545454545453,0.6238532110091743,2.2,0.853011007986186,0.7889182058047494,0.853011007986186,1.2675585284280937
2021-10-09,OK SPLIT,OK SISAK, 3-0,3,0,75,53,7.333333333333333,OK SPLIT,0,1.7309941520467835,0.8333333333333334,7,7,1.6375,3.2,0.753968253968254,0.3125,1.1325827205882353,1.1741176470588235,1.1325827205882353,0.8517034068136272
2021-10-09,OKM CENTROMETAL,MOK MARSONIA, 3-0,3,0,75,55,6.666666666666667,OKM CENTROMETAL,0,1.9285714285714286,0.5,189,6,1.5,0.35294117647058826,0.7794117647058824,2.8333333333333335,1.072491145218418,0.76,1.072491145218418,1.3157894736842106
2021-10-09,OK GORICA,HAOK MLADOST, 0-3,0,3,48,75,-9.0,HAOK MLADOST,1,0.0,1.0,7,2,0.10071942446043165,3.0,1.40625,0.3333333333333333,0.2616891064871481,1.2985074626865671,0.2616891064871481,0.7701149425287356
2021-10-09,MOK MURSA - OSIJEK,MOK RIJEKA, 3-0,3,0,75,52,7.666666666666667,MOK MURSA - OSIJEK,0,1.340909090909091,0.6666666666666666,7,7,1.4260869565217391,0.6923076923076923,0.88,1.4444444444444444,1.2241791693846489,0.9487179487179487,1.2241791693846489,1.054054054054054
2021-10-10,OK ZADAR,OK ROVINJ, 0-3,0,3,58,77,-6.333333333333333,OK ROVINJ,1,1.2413793103448276,0.6666666666666666,3,190,1.0862068965517242,1.25,1.0419580419580419,0.8,0.9916601511597603,1.0246478873239437,0.9916601511597603,0.9759450171821306
2021-10-16,HAOK MLADOST,OK RIBOLA KAŠTELA, 3-0,3,0,75,51,8.0,HAOK MLADOST,0,1.3948387096774193,0.4444444444444444,7,7,1.3523809523809525,0.34615384615384615,0.47058823529411764,2.888888888888889,1.0327706057596822,0.8689138576779026,1.0327706057596822,1.1508620689655173
2021-10-16,OK KITRO VARAŽDIN,OKM CENTROMETAL, 3-1,3,1,94,86,2.0,OK KITRO VARAŽDIN ,0,0.9315980629539952,0.3333333333333333,7,7,1.0686274509803921,0.6428571428571429,1.0566037735849056,1.5555555555555556,1.0179770413688543,0.970703125,1.0179770413688543,1.0301810865191148
2021-10-16,OK SISAK,OK GORICA, 3-1,3,1,98,86,3.0,OK SISAK,0,100000,1.0,7,7,5.714285714285714,3.0,2.6875,0.3333333333333333,3.9435989256938226,1.3150684931506849,3.9435989256938226,0.7604166666666666
2021-10-17,OK ROVINJ,MOK MURSA - OSIJEK, 0-3,0,3,40,75,-11.666666666666666,MOK MURSA - OSIJEK,1,0.24125874125874125,0.3333333333333333,7,8,0.3652694610778443,0.16666666666666666,1.625,6.0,0.6860648553900087,0.7890625,0.6860648553900087,1.2673267326732673
2021-10-23,OK ZADAR,OK KITRO VARAŽDIN, 1-3,1,3,87,95,-2.0,OK KITRO VARAŽDIN,1,0.4358353510895884,0.6666666666666666,13,7,0.5625,0.5333333333333333,1.345132743362832,1.875,0.8057989153108052,0.8164435946462715,0.8057989153108052,1.224824355971897
2021-10-23,OK ROVINJ,MOK MARSONIA, 3-0,3,0,75,53,7.333333333333333,OK ROVINJ,0,0.7270408163265306,0.8,6,14,0.9242424242424242,1.125,1.0503597122302157,0.8888888888888888,0.9216783216783216,0.9868421052631579,0.9216783216783216,1.0133333333333334
2021-10-23,OK RIBOLA KAŠTELA,OK SISAK, 3-0,3,0,75,54,7.0,OK RIBOLA KAŠTELA,0,1.9127659574468083,0.16666666666666666,7,7,1.2650602409638554,0.17647058823529413,0.5461538461538461,5.666666666666667,0.9058405507439484,0.7582644628099173,0.9058405507439484,1.318801089918256
2021-10-23,OK GORICA,MOK RIJEKA, 1-3,1,3,76,97,-5.25,MOK RIJEKA,1,0.0,1.0,7,14,0.13043478260869565,3.0,0.49514563106796117,0.3333333333333333,0.2586540528918512,1.1951219512195121,0.2586540528918512,0.8367346938775511
2021-10-23,MOK MURSA - OSIJEK,OK SPLIT, 3-0,3,0,75,56,6.333333333333333,MOK MURSA - OSIJEK,0,1.275187969924812,0.36363636363636365,6,14,1.2686567164179106,0.5333333333333333,0.9263157894736842,1.875,1.1550759392486012,0.9031639501438159,1.1550759392486012,1.1072186836518048
2021-10-29,MOK RIJEKA,OK RIBOLA KAŠTELA, 1-3,1,3,93,107,-3.5,OK RIBOLA KAŠTELA,1,0.8360655737704917,0.8,6,6,1.0925925925925926,0.5833333333333334,1.4647887323943662,1.7142857142857142,1.1429947038998556,0.8709677419354839,1.1429947038998556,1.1481481481481481
2021-10-29,OKM CENTROMETAL,OK ROVINJ, 3-0,3,0,75,48,9.0,OKM CENTROMETAL,0,2.5015673981191227,0.375,13,6,1.609375,0.30434782608695654,0.7465753424657534,3.2857142857142856,1.1672871680317696,0.8429172510518934,1.1672871680317696,1.1863560732113145
2021-10-30,OK SISAK,OKM CENTROMETAL, 0-3,0,3,62,77,-5.0,OKM CENTROMETAL,1,0.689655172413793,0.6666666666666666,7,1,0.7830188679245284,1.1,1.2201834862385321,0.9090909090909091,0.9537463373796568,1.049438202247191,0.9537463373796568,0.9528907922912205
2021-10-30,OK KITRO VARAŽDIN,OK ROVINJ, 2-1,2,1,75,47,9.333333333333334,OK KITRO VARAŽDIN ,0,2.5067064083457526,0.16666666666666666,7,1,1.796875,0.4666666666666667,0.7651006711409396,2.142857142857143,1.1991660534706892,0.8436293436293436,1.1991660534706892,1.1853546910755148
2021-10-30,MOK MARSONIA,MOK MURSA - OSIJEK, 0-3,0,3,50,77,-9.0,MOK MURSA - OSIJEK,1,0.3173690932311622,0.2857142857142857,7,7,0.3815028901734104,0.09523809523809523,1.6136363636363635,10.5,0.7417591801878736,0.7864583333333334,0.7417591801878736,1.271523178807947
2021-10-30,OK SPLIT,OK GORICA, 3-0,3,0,75,61,4.666666666666667,OK SPLIT,0,100000,1.0,7,7,8.375,3.0,1.8148148148148149,0.3333333333333333,3.956215793588741,0.9560439560439561,3.956215793588741,1.0459770114942528
2021-11-03,HAOK MLADOST,OKM CENTROMETAL, 3-0,3,0,75,53,7.333333333333333,HAOK MLADOST,0,1.8823529411764706,0.25,18,4,1.3302752293577982,0.16666666666666666,0.29357798165137616,6.0,0.8722966014418125,0.6220238095238095,0.8722966014418125,1.6076555023923444
2021-11-06,MOK MURSA - OSIJEK,OK GORICA, 3-0,3,0,75,53,7.333333333333333,MOK MURSA - OSIJEK,0,100000,1.0,7,7,11.0,3.0,1.543859649122807,0.3333333333333333,4.426865671641791,1.4477611940298507,4.426865671641791,0.6907216494845361
2021-11-06,OK RIBOLA KAŠTELA,OK SPLIT, 3-1,3,1,99,67,8.0,OK RIBOLA KAŠTELA,0,1.139717425431711,0.0,8,7,0.8102189781021898,0.5555555555555556,0.7346938775510204,1.8,0.8297955209347614,0.8604651162790697,0.8297955209347614,1.162162162162162
2021-11-06,OKM CENTROMETAL,MOK RIJEKA, 3-2,3,2,99,111,-2.4,OKM CENTROMETAL,0,0.896817743490839,0.8333333333333334,3,8,0.9159663865546218,1.0,1.0467289719626167,1.0,1.0138401156785788,1.0777096114519427,1.0138401156785788,0.9278937381404174
2021-11-06,OK ZADAR,OK SISAK, 3-2,3,2,99,111,-2.4,OK ZADAR,0,0.6000000000000001,0.3333333333333333,14,7,0.7710843373493976,0.5,1.1397058823529411,2.0,0.8551634552933536,0.9150943396226415,0.8551634552933536,1.092783505154639
2021-11-07,MOK MARSONIA,OK KITRO VARAŽDIN, 0-3,0,3,45,75,-10.0,OK KITRO VARAŽDIN,1,0.4903954802259887,0.14285714285714285,8,8,0.5641025641025641,0.35,1.2608695652173914,2.857142857142857,0.8849717969379532,0.827906976744186,0.8849717969379532,1.2078651685393258
2021-11-13,OK GORICA,OK RIBOLA KAŠTELA, 0-3,0,3,41,75,-11.333333333333334,OK RIBOLA KAŠTELA,1,0.0,1.0,7,7,0.14035087719298245,3.0,0.821917808219178,0.3333333333333333,0.3194954128440367,1.4029850746268657,0.3194954128440367,0.7127659574468085
2021-11-13,OK SPLIT,OKM CENTROMETAL, 3-1,3,1,99,88,2.75,OK SPLIT,0,1.164179104477612,0.8333333333333334,7,7,1.2321428571428572,3.0,0.8859649122807017,0.3333333333333333,1.0389454763331336,1.0979955456570156,1.0389454763331336,0.9107505070993914
2021-11-13,OK KITRO VARAŽDIN,MOK MURSA - OSIJEK, 1-3,1,3,79,95,-4.0,MOK MURSA - OSIJEK,1,0.6414399092970522,0.5,6,7,0.6703910614525139,0.5625,1.3068181818181819,1.7777777777777777,0.8388546695521891,0.900709219858156,0.8388546695521891,1.110236220472441
2021-11-14,HAOK MLADOST,MOK MARSONIA, 3-0,3,0,75,40,11.666666666666666,HAOK MLADOST,0,4.038461538461538,0.25,11,7,2.242424242424242,0.16666666666666666,0.21621621621621623,6.0,0.9711581793600721,0.8664688427299704,0.9711581793600721,1.154109589041096
2021-11-19,OK SISAK,MOK MURSA - OSIJEK, 1-2,1,2,41,75,-11.333333333333334,MOK MURSA - OSIJEK,1,0.4256542996836353,0.6666666666666666,13,6,0.46703296703296704,3.4,1.5617977528089888,0.29411764705882354,0.7751556866601115,1.3017902813299234,0.7751556866601115,0.768172888015717
2021-11-20,OK GORICA,HAOK MLADOST, 0-3,0,3,41,75,-11.333333333333334,HAOK MLADOST,1,0.0,0.6666666666666666,7,6,0.10596026490066225,4.5,1.96875,0.2222222222222222,0.32702394526795897,1.3681318681318682,0.32702394526795897,0.7309236947791165
2021-11-20,OK ROVINJ,OK KITRO VARAŽDIN, 0-3,0,3,50,75,-8.333333333333334,OK KITRO VARAŽDIN,1,0.38490978676872606,0.2857142857142857,21,7,0.5371900826446281,0.47058823529411764,1.2796610169491525,2.125,0.8057835091832747,0.8161888701517707,0.8057835091832747,1.225206611570248
2021-11-20,OK ZADAR,OK SPLIT, 1-3,1,3,77,95,-4.5,OK SPLIT,1,0.3622950819672131,0.5,14,7,0.475177304964539,0.29411764705882354,1.5392156862745099,3.4,0.763818147519336,0.8346007604562737,0.763818147519336,1.1981776765375853
2021-11-23,MOK RIJEKA,OK ZADAR, 3-0,3,0,75,49,8.666666666666666,MOK RIJEKA,0,2.5738705738705736,0.125,17,3,1.7794117647058822,0.2727272727272727,0.6875,3.6666666666666665,1.2001938923897237,0.7966360856269113,1.2001938923897237,1.255278310940499
2021-11-25,OK KITRO VARAŽDIN,HAOK MLADOST, 0-3,0,3,54,75,-7.0,HAOK MLADOST,1,0.5212669683257919,0.2,5,5,0.8051948051948052,0.13333333333333333,3.6875,7.5,1.1643497757847534,0.7807881773399015,1.1643497757847534,1.2807570977917981
2021-11-27,OKM CENTROMETAL,OK GORICA, 3-0,3,0,75,60,5.0,OKM CENTROMETAL,0,100000,1.0,14,7,7.0625,3.0,1.7727272727272727,0.3333333333333333,3.454237288135593,1.3150684931506849,3.454237288135593,0.7604166666666666
2021-11-27,MOK MURSA - OSIJEK,OK RIBOLA KAŠTELA, 3-1,3,1,98,80,4.5,MOK MURSA - OSIJEK,0,1.1268571428571428,0.3333333333333333,8,14,1.5726495726495726,0.8461538461538461,1.2328767123287672,1.1818181818181819,1.3927846674182638,0.9926739926739927,1.3927846674182638,1.007380073800738
2021-11-27,OK ROVINJ,MOK RIJEKA, 0-3,0,3,59,75,-5.333333333333333,MOK RIJEKA,1,0.3352380952380952,0.5,7,4,0.5241935483870968,0.375,1.4,2.6666666666666665,0.8303162920230754,0.7926356589147286,0.8303162920230754,1.2616136919315404
2021-11-27,OK ZADAR,OK SPLIT, 1-3,1,3,90,95,-1.25,OK SPLIT,1,0.34727061556329847,0.42857142857142855,4,7,0.4722222222222222,0.3,1.5825242718446602,3.3333333333333335,0.7737212750185323,0.8309178743961353,0.7737212750185323,1.2034883720930232
2021-11-27,MOK MARSONIA,OK SISAK, 2-3,2,3,105,111,-1.2,OK SISAK,1,0.7114754098360656,0.3333333333333333,13,8,0.7674418604651163,0.6923076923076923,1.070921985815603,1.4444444444444444,0.9385872982603228,0.9636015325670498,0.9385872982603228,1.0377733598409542
2021-12-01,MOK RIJEKA,OK SPLIT, 0-3,0,3,53,75,-7.333333333333333,OK SPLIT,1,0.9230769230769231,0.25,4,4,0.8639455782312925,1.0714285714285714,1.0576923076923077,0.9333333333333333,0.9291568020397013,1.0015797788309637,0.9291568020397013,0.998422712933754
2021-12-03,OK RIBOLA KAŠTELA,OK ROVINJ, 3-0,3,0,75,54,7.0,OK RIBOLA KAŠTELA,0,3.7325174825174825,0.25,6,6,1.8153846153846154,0.3333333333333333,0.4840764331210191,3.0,1.066619418851878,0.7473118279569892,1.066619418851878,1.3381294964028776
2021-12-04,OK GORICA,OK ZADAR, 0-3,0,3,67,75,-2.6666666666666665,OK ZADAR,1,0.0,1.0,7,7,0.2318840579710145,3.0,0.41566265060240964,0.3333333333333333,0.35990621336459555,1.4262295081967213,0.35990621336459555,0.7011494252873564
2021-12-04,HAOK MLADOST,MOK MURSA - OSIJEK, 3-0,3,0,75,66,3.0,HAOK MLADOST,0,1.2178736517719568,0.7777777777777778,9,7,0.839572192513369,0.5238095238095238,0.3516483516483517,1.9090909090909092,0.7227091633466135,0.9110225763612217,0.7227091633466135,1.097667638483965
2021-12-04,OK SPLIT,OK ROVINJ, 3-1,3,1,97,82,3.75,OK SPLIT,0,3.4135723431498075,0.3333333333333333,3,1,2.3076923076923075,0.16666666666666666,0.65,6.0,1.298343830184278,0.8277886497064579,1.298343830184278,1.2080378250591017
2021-12-04,MOK RIJEKA,MOK MARSONIA, 3-1,3,1,100,83,4.25,MOK RIJEKA,0,2.4155844155844153,0.5,3,7,1.8676470588235294,0.4,0.7337662337662337,2.5,1.1248090770237835,0.7656565656565657,1.1248090770237835,1.3060686015831136
2021-12-04,OK SISAK,OK KITRO VARAŽDIN, 0-3,0,3,52,75,-7.666666666666667,OK KITRO VARAŽDIN,1,0.6874999999999999,0.5714285714285714,7,9,0.717741935483871,2.25,1.1818181818181819,0.4444444444444444,0.9304364398704021,1.2799145299145298,0.9304364398704021,0.7813021702838063
2021-12-04,OK RIBOLA KAŠTELA,OKM CENTROMETAL, 2-3,2,3,115,113,0.4,OKM CENTROMETAL,1,1.3584905660377358,0.25,1,7,1.043103448275862,0.4166666666666667,0.6495726495726496,2.4,0.8878143133462283,0.8960396039603961,0.8878143133462283,1.1160220994475138
2021-12-08,OK SISAK,OK ROVINJ, 2-3,2,3,105,89,3.2,OK ROVINJ,1,1.8792613636363638,0.5,4,4,1.3484848484848484,0.5625,0.8957055214723927,1.7777777777777777,1.1293202105745022,0.8603448275862069,1.1293202105745022,1.1623246492985972
2021-12-08,OKM CENTROMETAL,OK RIBOLA KAŠTELA, 1-3,1,3,89,93,-1.0,OK RIBOLA KAŠTELA,1,0.7615384615384615,0.2,4,4,0.967479674796748,0.5714285714285714,1.5063291139240507,1.75,1.1228480340063762,0.9152215799614644,1.1228480340063762,1.0926315789473684
2021-12-11,OK KITRO VARAŽDIN,MOK RIJEKA, 3-2,3,2,112,105,1.4,OK KITRO VARAŽDIN ,0,0.8918918918918918,0.6666666666666666,7,7,0.9769230769230769,1.4,1.0614035087719298,0.7142857142857143,1.0127497621313035,1.1134453781512605,1.0127497621313035,0.8981132075471698
2021-12-11,HAOK MLADOST,OK SISAK, 3-0,3,0,75,46,9.666666666666666,HAOK MLADOST,0,2.9294217687074826,0.25,7,3,1.7582417582417582,0.16666666666666666,0.21476510067114093,6.0,0.9148640603294305,0.7088235294117647,0.9148640603294305,1.4107883817427387
2021-12-11,OK ZADAR,OK RIBOLA KAŠTELA, 0-3,0,3,50,75,-8.333333333333334,OK RIBOLA KAŠTELA,1,0.3201663201663202,0.25,7,3,0.5714285714285714,0.4,2.075,2.5,0.9045435598165903,0.6279761904761905,0.9045435598165903,1.5924170616113744
2021-12-11,MOK MURSA - OSIJEK,OKM CENTROMETAL, 3-0,3,0,75,62,4.333333333333333,MOK MURSA - OSIJEK,0,1.5324675324675325,0.375,7,3,1.5583333333333333,0.30434782608695654,0.7704918032786885,3.2857142857142856,1.1803797468354431,0.7601156069364162,1.1803797468354431,1.3155893536121672
2021-12-12,OK ROVINJ,OK GORICA, 3-0,3,0,75,60,5.0,OK ROVINJ,0,100000,1.0,4,8,4.3125,3.0,2.2916666666666665,0.3333333333333333,2.7827715355805243,1.0,2.7827715355805243,1.0
2021-12-14,MOK RIJEKA,HAOK MLADOST, 0-3,0,3,51,75,-8.0,HAOK MLADOST,1,0.5743464052287581,0.2,3,3,0.8098159509202454,0.13333333333333333,3.65625,7.5,1.144076840981857,0.6457831325301204,1.144076840981857,1.5485074626865671
2021-12-15,OK ROVINJ,HAOK MLADOST, 1-3,1,3,62,95,-8.25,HAOK MLADOST,1,0.2109090909090909,0.25,3,1,0.43373493975903615,0.16666666666666666,5.15625,6.0,0.9523109243697478,0.7818181818181819,0.9523109243697478,1.2790697674418605
2021-12-15,MOK MARSONIA,MOK MURSA - OSIJEK, 1-2,1,2,38,75,-12.333333333333334,MOK MURSA - OSIJEK,1,0.28888888888888886,0.25,11,4,0.3631578947368421,0.08333333333333333,1.6702127659574468,12.0,0.7272443890274314,0.7702909647779479,0.7272443890274314,1.2982107355864811
2021-12-17,HAOK MLADOST,MOK RIJEKA, 3-0,3,0,75,46,9.666666666666666,HAOK MLADOST,0,1.7700412276683462,0.16666666666666666,2,3,1.2803030303030303,0.1111111111111111,0.275,9.0,0.8972463500277214,0.6510204081632653,0.8972463500277214,1.536050156739812
2021-12-18,OK SPLIT,OK KITRO VARAŽDIN, 3-0,3,0,75,54,7.0,OK SPLIT,0,1.2222222222222223,0.5,14,7,1.176923076923077,1.6363636363636365,0.8536585365853658,0.6111111111111112,1.042142068457858,1.0707070707070707,1.042142068457858,0.9339622641509434
2021-12-18,OKM CENTROMETAL,OK ZADAR, 3-0,3,0,75,48,9.0,OKM CENTROMETAL,0,2.321961620469083,0.3333333333333333,7,7,1.6666666666666667,0.23529411764705882,0.7396449704142012,4.25,1.2378132118451024,0.7137096774193549,1.2378132118451024,1.4011299435028248
2021-12-18,OK GORICA,MOK MARSONIA, 1-3,1,3,87,97,-2.5,MOK MARSONIA,1,0.0,1.0,6,3,0.22857142857142856,3.0,0.4716981132075472,0.3333333333333333,0.35331632653061223,0.9574468085106383,0.35331632653061223,1.0444444444444445
2021-12-18,OK SISAK,MOK MURSA - OSIJEK, 1-3,1,3,86,100,-3.5,MOK MURSA - OSIJEK,1,0.41207153502235466,0.5714285714285714,7,3,0.4739583333333333,3.1666666666666665,1.6,0.3157894736842105,0.7833923894623325,1.3518518518518519,0.7833923894623325,0.7397260273972602
2021-12-22,MOK MARSONIA,OK SPLIT, 3-0,3,0,75,57,6.0,MOK MARSONIA,0,0.37435897435897436,0.5,4,4,0.46794871794871795,0.4,1.5238095238095237,2.5,0.8367026838619728,0.8067061143984221,0.8367026838619728,1.2396088019559903
2022-01-13,OK KITRO VARAŽDIN,OK SPLIT, 3-0,3,0,75,0,25.0,OK KITRO VARAŽDIN ,0,0.8103059581320451,0.5555555555555556,26,22,0.8333333333333334,1.9090909090909092,1.1666666666666667,0.5238095238095238,0.94702329594478,1.0972222222222223,0.94702329594478,0.9113924050632911
2022-01-22,OK ZADAR,MOK MURSA - OSIJEK, 0-3,0,3,46,75,-9.666666666666666,MOK MURSA - OSIJEK,1,0.26961964371689934,0.42857142857142855,35,35,0.36923076923076925,0.2777777777777778,1.7916666666666667,3.6,0.6733424366560461,0.6486486486486487,0.6733424366560461,1.5416666666666667
2022-01-22,OK GORICA,OK KITRO VARAŽDIN, 1-2,1,2,42,75,-11.0,OK KITRO VARAŽDIN,1,0.0,1.0,35,9,0.12781954887218044,4.5,0.6190476190476191,0.2222222222222222,0.314398705734316,1.2634146341463415,0.314398705734316,0.7915057915057915
2022-01-23,OK RIBOLA KAŠTELA,MOK MARSONIA, 3-0,3,0,75,45,10.0,OK RIBOLA KAŠTELA,0,2.799107142857143,0.2,43,32,1.6973684210526316,0.26666666666666666,0.5,3.75,0.9993847415914684,0.6956521739130435,0.9993847415914684,1.4375
2022-01-28,OK GORICA,OK SPLIT, 0-3,0,3,54,75,-7.0,OK SPLIT,1,0.0,1.0,6,15,0.11538461538461539,4.5,0.7207207207207207,0.2222222222222222,0.3090595340811044,1.0246913580246915,0.3090595340811044,0.9759036144578314
2022-01-29,OK KITRO VARAŽDIN,OK RIBOLA KAŠTELA, 2-3,2,3,103,108,-1.0,OK RIBOLA KAŠTELA,1,0.7410617551462622,0.2,7,6,1.0227272727272727,0.35714285714285715,1.5875,2.8,1.139450282942603,0.8043956043956044,1.139450282942603,1.2431693989071038
2022-01-29,OK ROVINJ,OK ZADAR, 1-3,1,3,91,95,-1.0,OK ZADAR,1,0.9567099567099567,0.5714285714285714,45,7,1.0138888888888888,1.5,0.96,0.6666666666666666,1.0247546833184658,1.0527156549520766,1.0247546833184658,0.9499241274658573
2022-01-29,HAOK MLADOST,OK GORICA, 2-1,2,1,75,37,12.666666666666666,HAOK MLADOST,0,100000,0.5,43,1,9.555555555555555,6.0,0.39759036144578314,0.16666666666666666,2.6720867208672088,1.452914798206278,2.6720867208672088,0.6882716049382716
2022-01-29,MOK MARSONIA,OKM CENTROMETAL, 3-2,3,2,93,103,-2.0,MOK MARSONIA,0,0.47761194029850745,0.5714285714285714,6,42,0.6178861788617886,0.3,1.304,3.3333333333333335,0.8932655654383735,0.7568,0.8932655654383735,1.3213530655391121
2022-02-05,OK SPLIT,MOK RIJEKA, 3-1,3,1,97,79,4.5,OK SPLIT,0,1.1450924608819346,0.2222222222222222,8,50,1.2045454545454546,1.2857142857142858,0.9024390243902439,0.7777777777777778,1.075682609492395,1.033527696793003,1.075682609492395,0.9675599435825106
2022-02-05,OK ZADAR,MOK MARSONIA, 1-3,1,3,89,92,-0.75,MOK MARSONIA,1,0.8695652173913043,0.5,7,7,0.9493670886075949,1.2142857142857142,1.0666666666666667,0.8235294117647058,0.9132429198244915,1.0636363636363637,0.9132429198244915,0.9401709401709402
2022-02-05,OK GORICA,OK SISAK, 2-3,2,3,99,104,-1.0,OK SISAK,1,0.0,1.0,7,49,0.20652173913043478,3.0,0.5483870967741935,0.3333333333333333,0.3639528137690969,1.25,0.3639528137690969,0.8
2022-02-05,MOK MURSA - OSIJEK,OK ROVINJ, 2-1,2,1,75,44,10.333333333333334,MOK MURSA - OSIJEK,0,4.0085470085470085,0.2857142857142857,14,7,2.675675675675676,0.14285714285714285,0.5614035087719298,7.0,1.4225352112676057,0.7563884156729132,1.4225352112676057,1.322072072072072
2022-02-05,OK RIBOLA KAŠTELA,HAOK MLADOST, 0-3,0,3,67,79,-4.0,HAOK MLADOST,1,0.7253269916765755,0.5,7,7,0.7758620689655172,0.3103448275862069,2.411764705882353,3.2222222222222223,1.0101898101898101,0.8527397260273972,1.0101898101898101,1.1726907630522088
2022-02-06,OK SPLIT,MOK MARSONIA, 3-0,3,0,77,60,5.666666666666667,OK SPLIT,0,2.33982683982684,0.5714285714285714,1,1,1.975609756097561,0.6,0.6746987951807228,1.6666666666666667,1.1686251468860165,0.8581560283687943,1.1686251468860165,1.165289256198347
2022-02-09,HAOK MLADOST,OK KITRO VARAŽDIN, 3-0,3,0,75,42,11.0,HAOK MLADOST,0,1.903225806451613,0.16666666666666666,4,11,1.2919708029197081,0.1111111111111111,0.26153846153846155,9.0,0.8855600069674273,0.7713097713097713,0.8855600069674273,1.2964959568733154
2022-02-09,MOK MURSA - OSIJEK,OK RIBOLA KAŠTELA, 3-0,3,0,75,63,4.0,MOK MURSA - OSIJEK,0,1.151219512195122,0.42857142857142855,4,4,1.4814814814814814,1.0,1.1411764705882352,1.0,1.315830568026547,1.0223642172523961,1.315830568026547,0.978125
2022-02-12,MOK MARSONIA,OK ROVINJ, 0-3,0,3,67,76,-3.0,OK ROVINJ,1,1.345054945054945,0.8333333333333334,6,7,1.0933333333333333,1.5,0.976878612716763,0.6666666666666666,1.0921775898520085,1.0392609699769053,1.0921775898520085,0.9622222222222222
2022-02-12,MOK RIJEKA,OK GORICA, 3-0,3,0,75,56,6.333333333333333,MOK RIJEKA,0,100000,0.6666666666666666,7,7,6.333333333333333,3.0,1.4318181818181819,0.3333333333333333,2.7945482079757697,1.2208333333333334,2.7945482079757697,0.8191126279863481
2022-02-12,OK SPLIT,MOK MURSA - OSIJEK, 0-3,0,3,57,75,-6.0,MOK MURSA - OSIJEK,1,0.7857988165680474,0.4166666666666667,6,3,0.812807881773399,0.48484848484848486,1.1546391752577319,2.0625,0.8867370892018779,0.8926654740608229,0.8867370892018779,1.1202404809619237
2022-02-13,OK KITRO VARAŽDIN,OK ZADAR, 3-0,3,0,75,49,8.666666666666666,OK KITRO VARAŽDIN ,0,2.3013698630136985,0.5714285714285714,4,8,1.8026315789473684,0.5,0.7430167597765364,2.0,1.2388603256212511,0.8317152103559871,1.2388603256212511,1.2023346303501945
2022-02-13,OK SISAK,OK RIBOLA KAŠTELA, 0-3,0,3,47,75,-9.333333333333334,OK RIBOLA KAŠTELA,1,0.4852941176470589,0.2857142857142857,8,4,0.7037037037037037,0.15,1.7840909090909092,6.666666666666667,1.017161588893174,0.7531305903398927,1.017161588893174,1.327790973871734
2022-02-13,OKM CENTROMETAL,HAOK MLADOST, 0-3,0,3,62,75,-4.333333333333333,HAOK MLADOST,1,0.5173913043478261,0.4,15,4,0.6944444444444444,0.13333333333333333,3.764705882352941,7.5,1.0878077146733862,0.6374695863746959,1.0878077146733862,1.5687022900763359
2022-02-13,MOK RIJEKA,MOK MURSA - OSIJEK, 0-3,0,3,51,75,-8.0,MOK MURSA - OSIJEK,1,0.6717171717171717,0.7142857142857143,1,1,0.6601941747572816,0.5625,1.2989690721649485,1.7777777777777777,0.8142504716296619,0.915807560137457,0.8142504716296619,1.0919324577861163
2022-02-17,HAOK MLADOST,OK ZADAR, 3-0,3,0,75,46,9.666666666666666,HAOK MLADOST,0,4.511458333333334,0.2,4,4,2.4078947368421053,0.21428571428571427,0.18681318681318682,4.666666666666667,1.1096035615857536,0.5354523227383863,1.1096035615857536,1.8675799086757991
2022-02-19,OKM CENTROMETAL,OK SISAK, 3-1,3,1,96,77,4.75,OKM CENTROMETAL,0,1.5233766233766235,0.5714285714285714,6,6,1.3157894736842106,1.4,0.81875,0.7142857142857143,1.066140548665915,1.0729783037475344,1.066140548665915,0.9319852941176471
2022-02-19,OK RIBOLA KAŠTELA,MOK RIJEKA, 3-2,3,2,109,92,3.4,OK RIBOLA KAŠTELA,0,1.2911993097497843,0.6666666666666666,6,6,1.0147058823529411,0.5333333333333333,0.6821705426356589,1.875,0.9291769692688097,0.8705882352941177,0.9291769692688097,1.1486486486486487
2022-02-19,OK ROVINJ,OK KITRO VARAŽDIN, 0-3,0,3,57,75,-6.0,OK KITRO VARAŽDIN,1,0.4057971014492754,0.25,7,6,0.5571428571428572,0.4,1.300751879699248,2.5,0.8204165244110618,0.7994011976047904,0.8204165244110618,1.250936329588015
2022-02-19,MOK MURSA - OSIJEK,MOK MARSONIA, 3-0,3,0,75,43,10.666666666666666,MOK MURSA - OSIJEK,0,3.1091503267973857,0.2222222222222222,6,7,2.548780487804878,0.11538461538461539,0.563953488372093,8.666666666666666,1.3311675902923754,0.7431318681318682,1.3311675902923754,1.3456561922365988
2022-02-24,OK SISAK,OK ZADAR, 3-0,3,0,75,52,7.666666666666667,OK SISAK,0,1.5085714285714285,0.42857142857142855,5,7,1.263157894736842,0.6111111111111112,0.8810810810810811,1.6363636363636365,1.1335292882636994,0.9110764430577223,1.1335292882636994,1.0976027397260273
2022-02-25,OK KITRO VARAŽDIN,MOK MARSONIA, 3-0,3,0,75,54,7.0,OK KITRO VARAŽDIN ,0,2.026666666666667,0.125,6,6,1.7439024390243902,0.30434782608695654,0.76,3.2857142857142856,1.1245261561789235,0.8041666666666667,1.1245261561789235,1.2435233160621761
2022-02-26,OK GORICA,MOK MURSA - OSIJEK, 1-2,1,2,43,75,-10.666666666666666,MOK MURSA - OSIJEK,1,0.0,1.0,14,7,0.09905660377358491,4.5,0.9381443298969072,0.2222222222222222,0.28930549637835534,1.4385026737967914,0.28930549637835534,0.6951672862453532
2022-02-26,MOK RIJEKA,OKM CENTROMETAL, 3-2,3,2,100,98,0.4,MOK RIJEKA,0,1.0416988416988415,0.8571428571428571,7,7,1.078125,0.9333333333333333,1.0,1.0714285714285714,0.9972270363951473,1.0850340136054422,0.9972270363951473,0.9216300940438872
2022-02-26,HAOK MLADOST,OK ROVINJ, 3-0,3,0,75,42,11.0,HAOK MLADOST,0,4.769230769230769,0.2,9,7,2.3846153846153846,0.2,0.19318181818181818,5.0,1.0917129344026322,0.7529411764705882,1.0917129344026322,1.328125
2022-02-27,OK SPLIT,OK RIBOLA KAŠTELA, 0-3,0,3,57,75,-6.0,OK RIBOLA KAŠTELA,1,0.8969258589511755,0.2,15,8,1.1702127659574468,0.5,1.2777777777777777,2.0,1.1361266294227188,0.8194130925507901,1.1361266294227188,1.2203856749311295
2022-02-27,MOK RIJEKA,OK SISAK, 3-1,3,1,92,81,2.75,MOK RIJEKA,0,1.605217391304348,0.8571428571428571,1,3,1.4242424242424243,1.6,0.8220858895705522,0.625,1.0694190719766168,1.03886925795053,1.0694190719766168,0.9625850340136054
2022-03-05,OKM CENTROMETAL,OK SPLIT, 3-0,3,0,75,54,7.0,OKM CENTROMETAL,0,0.8101851851851852,0.8571428571428571,7,6,0.7878787878787878,3.0,1.1440677966101696,0.3333333333333333,0.9529067879181552,1.1024208566108007,0.9529067879181552,0.9070945945945946
2022-03-05,MOK MARSONIA,HAOK MLADOST, 0-3,0,3,49,75,-8.666666666666666,HAOK MLADOST,1,0.2583170254403131,0.4,8,7,0.43386243386243384,0.13333333333333333,5.235294117647059,7.5,0.9899702823179792,0.8058252427184466,0.9899702823179792,1.2409638554216869
2022-03-05,OK ZADAR,MOK RIJEKA, 1-3,1,3,91,99,-2.0,MOK RIJEKA,1,0.3904109589041096,0.2222222222222222,9,6,0.5277777777777778,0.24,1.3925925925925926,4.166666666666667,0.8097880928355197,0.7818930041152263,0.8097880928355197,1.2789473684210526
2022-03-05,OK ROVINJ,OK SISAK, 1-3,1,3,83,93,-2.5,OK SISAK,1,0.6172688303735456,0.42857142857142855,7,6,0.78,0.6666666666666666,1.0783132530120483,1.5,0.882988298829883,0.8583941605839416,0.882988298829883,1.1649659863945578
2022-03-05,OK RIBOLA KAŠTELA,OK GORICA, 3-0,3,0,75,50,8.333333333333334,OK RIBOLA KAŠTELA,0,100000,0.6666666666666666,6,7,6.545454545454546,4.5,0.967741935483871,0.2222222222222222,2.6177884615384617,1.502857142857143,2.6177884615384617,0.6653992395437263
2022-03-05,MOK MURSA - OSIJEK,OK KITRO VARAŽDIN, 3-0,3,0,76,56,6.666666666666667,MOK MURSA - OSIJEK,0,1.5455349248452697,0.42857142857142855,7,8,1.4657534246575343,0.5263157894736842,0.7368421052631579,1.9,1.184420772303595,0.8907435508345979,1.184420772303595,1.122657580919932
2022-03-06,OK SISAK,OK SPLIT, 3-0,3,0,75,61,4.666666666666667,OK SISAK,0,0.5547945205479452,0.8571428571428571,1,1,0.6242424242424243,3.8,1.3801652892561984,0.2631578947368421,0.9092079845460399,1.200836820083682,0.9092079845460399,0.8327526132404182
2022-03-06,OKM CENTROMETAL,OK ROVINJ, 3-0,3,0,75,0,25.0,OKM CENTROMETAL,0,2.5362035225048922,0.4444444444444444,1,1,1.6835443037974684,0.2692307692307692,0.7417582417582418,3.7142857142857144,1.191459502806736,0.8236040609137056,1.191459502806736,1.214175654853621
2022-03-10,MOK MURSA - OSIJEK,HAOK MLADOST, 1-3,1,3,87,99,-3.0,HAOK MLADOST,1,0.8327414772727273,0.8,5,5,1.1302083333333333,0.4583333333333333,2.8823529411764706,2.1818181818181817,1.3174574097820113,0.9082125603864735,1.3174574097820113,1.101063829787234
2022-03-12,OK RIBOLA KAŠTELA,MOK MURSA - OSIJEK, 1-3,1,3,76,97,-5.25,MOK MURSA - OSIJEK,1,0.8741071428571429,0.5,7,2,0.6743119266055045,1.2142857142857142,0.8910891089108911,0.8235294117647058,0.7583459266382745,1.0377358490566038,0.7583459266382745,0.9636363636363636
2022-03-12,OK GORICA,OKM CENTROMETAL, 1-3,1,3,75,99,-6.0,OKM CENTROMETAL,1,0.0,1.0,7,6,0.16176470588235295,4.5,0.7111111111111111,0.2222222222222222,0.353938185443669,1.296116504854369,0.353938185443669,0.7715355805243446
2022-03-12,MOK RIJEKA,OK ROVINJ, 3-0,3,0,75,59,5.333333333333333,MOK RIJEKA,0,2.7764378478664193,0.42857142857142855,7,6,1.860759493670886,0.3157894736842105,0.7351351351351352,3.1666666666666665,1.2119085805934242,0.7918781725888325,1.2119085805934242,1.2628205128205128
2022-03-12,OK SISAK,MOK MARSONIA, 3-0,3,0,75,48,9.0,OK SISAK,0,1.3888888888888888,0.2857142857142857,6,7,1.2926829268292683,0.6875,0.9226519337016574,1.4545454545454546,1.0639524075106896,0.9605055292259084,1.0639524075106896,1.0411184210526316
2022-03-13,OK SPLIT,OK ZADAR, 3-0,3,0,76,58,6.0,OK SPLIT,0,2.88780487804878,0.375,7,8,2.142857142857143,0.30434782608695654,0.6492146596858639,3.2857142857142856,1.2786384019567876,0.8463687150837989,1.2786384019567876,1.1815181518151816
2022-03-13,OKM CENTROMETAL,OK KITRO VARAŽDIN, 1-3,1,3,88,99,-2.75,OK KITRO VARAŽDIN,1,1.0003418803418804,0.42857142857142855,1,8,0.952054794520548,0.5882352941176471,1.0,1.7,1.008740105540897,0.9620462046204621,1.008740105540897,1.039451114922813
2022-03-16,OK SPLIT,HAOK MLADOST, 1-2,1,2,38,75,-12.333333333333334,HAOK MLADOST,1,0.6176088971269694,0.4,3,6,0.8615384615384616,0.2,3.5428571428571427,5.0,1.1423173803526447,0.7584650112866818,1.1423173803526447,1.318452380952381
2022-03-19,OKM CENTROMETAL,OK RIBOLA KAŠTELA, 0-3,0,3,57,76,-6.333333333333333,OK RIBOLA KAŠTELA,1,0.7386363636363636,0.16666666666666666,6,7,0.9459459459459459,0.5294117647058824,1.4946236559139785,1.8888888888888888,1.1088277340957826,0.9215686274509803,1.1088277340957826,1.0851063829787233
2022-03-19,OK ROVINJ,OK SPLIT, 3-2,3,2,98,104,-1.2,OK ROVINJ,0,0.32432432432432434,0.42857142857142855,7,3,0.46745562130177515,0.19047619047619047,1.492063492063492,5.25,0.7901988413965868,0.8305921052631579,0.7901988413965868,1.203960396039604
2022-03-19,MOK MARSONIA,MOK RIJEKA, 1-3,1,3,72,98,-6.5,MOK RIJEKA,1,0.44571428571428573,0.5714285714285714,7,7,0.5466666666666666,0.3888888888888889,1.3529411764705883,2.5714285714285716,0.8867647058823529,0.7764705882352941,0.8867647058823529,1.2878787878787878
2022-03-19,MOK MURSA - OSIJEK,HAOK MLADOST, 3-2,3,2,99,107,-1.6,MOK MURSA - OSIJEK,0,0.8247474747474747,0.7272727272727273,7,3,1.1218274111675126,0.4444444444444444,2.8333333333333335,2.25,1.3094265932895437,0.9050701186623517,1.3094265932895437,1.104886769964243
2022-03-19,OK ZADAR,OK GORICA, 3-1,3,1,96,84,3.0,OK ZADAR,0,100000,0.6666666666666666,6,7,3.347826086956522,4.5,1.9595959595959596,0.2222222222222222,2.2512471655328796,1.3174603174603174,2.2512471655328796,0.7590361445783133
2022-03-19,OK KITRO VARAŽDIN,OK SISAK, 3-0,3,0,75,50,8.333333333333334,OK KITRO VARAŽDIN ,0,1.4792899408284022,0.5,6,7,1.3669724770642202,2.625,0.8203592814371258,0.38095238095238093,1.0629527423249396,1.2961538461538462,1.0629527423249396,0.771513353115727
2022-03-23,HAOK MLADOST,OK KITRO VARAŽDIN, 3-1,3,1,98,74,6.0,HAOK MLADOST,0,1.8167247386759582,0.2857142857142857,4,4,1.3092105263157894,0.09523809523809523,0.2846715328467153,10.5,0.920166720102597,0.7428057553956835,0.920166720102597,1.3462469733656175
2022-03-24,OK RIBOLA KAŠTELA,OK ZADAR, 3-0,3,0,75,37,12.666666666666666,OK RIBOLA KAŠTELA,0,3.2386363636363638,0.2,5,5,1.8875,0.3076923076923077,0.47692307692307695,3.25,1.1209486166007905,0.635036496350365,1.1209486166007905,1.5747126436781609
2022-03-26,OK SISAK,HAOK MLADOST, 1-3,1,3,65,100,-8.75,HAOK MLADOST,1,0.36252945797329145,0.4,7,3,0.5396039603960396,0.13333333333333333,4.25,7.5,1.0017129153819802,0.691566265060241,1.0017129153819802,1.4459930313588851
2022-03-26,OKM CENTROMETAL,MOK MURSA - OSIJEK, 0-3,0,3,57,75,-6.0,MOK MURSA - OSIJEK,1,0.6237373737373738,0.4444444444444444,7,7,0.625,0.2692307692307692,1.3653846153846154,3.7142857142857144,0.8377257525083612,0.7666232073011734,0.8377257525083612,1.304421768707483
2022-03-26,MOK RIJEKA,OK KITRO VARAŽDIN, 1-3,1,3,79,94,-3.75,OK KITRO VARAŽDIN,1,1.062056190182155,0.7142857142857143,7,3,1.0,1.2307692307692308,0.9785714285714285,0.8125,0.9851077313054499,1.0799319727891157,0.9851077313054499,0.925984251968504
2022-03-26,OK GORICA,OK ROVINJ, 1-3,1,3,86,102,-4.0,OK ROVINJ,1,0.0,1.0,7,7,0.2926829268292683,4.5,0.5368421052631579,0.2222222222222222,0.4448979591836735,1.06198347107438,0.4448979591836735,0.9416342412451362
2022-03-29,OK ROVINJ,OK RIBOLA KAŠTELA, 0-3,0,3,45,75,-10.0,OK RIBOLA KAŠTELA,1,0.30663615560640733,0.4,3,5,0.551948051948052,0.26666666666666666,2.053763440860215,3.75,0.9129980859578911,0.7427293064876958,0.9129980859578911,1.3463855421686748
2022-03-29,MOK MARSONIA,OK GORICA, 3-1,3,1,99,88,2.75,MOK MARSONIA,0,100000,0.6666666666666666,10,3,3.32,3.0,1.7809523809523808,0.3333333333333333,2.3153684210526317,1.0072727272727273,2.3153684210526317,0.9927797833935018
2022-03-29,MOK RIJEKA,HAOK MLADOST, 0-3,0,3,41,75,-11.333333333333334,HAOK MLADOST,1,0.5691176470588235,0.2857142857142857,3,3,0.751219512195122,0.09523809523809523,3.4146341463414633,10.5,1.060458066689121,0.6460176991150443,1.060458066689121,1.547945205479452
2022-03-29,OK ZADAR,OKM CENTROMETAL, 0-3,0,3,59,76,-5.666666666666667,OKM CENTROMETAL,1,0.4265208475734792,0.42857142857142855,5,3,0.5714285714285714,0.2,1.3655172413793104,5.0,0.8066149707232158,0.7040280210157618,0.8066149707232158,1.4203980099502487
2022-03-29,OK KITRO VARAŽDIN,OK SPLIT, 3-0,3,0,75,34,13.666666666666666,OK KITRO VARAŽDIN ,0,0.8994708994708995,0.6,3,10,0.9122807017543859,1.5,1.0930232558139534,0.6666666666666666,0.9869049453088893,0.983402489626556,0.9869049453088893,1.0168776371308017
2022-04-02,MOK MURSA - OSIJEK,OK SISAK, 3-0,3,0,75,46,9.666666666666666,MOK MURSA - OSIJEK,0,2.349916387959866,0.5,7,7,2.0636363636363635,3.142857142857143,0.6011560693641619,0.3181818181818182,1.2768476238795874,1.3204633204633205,1.2768476238795874,0.7573099415204678
2022-04-13,HAOK MLADOST,OK KITRO VARAŽDIN, 3-0,3,0,75,42,11.0,HAOK MLADOST,0,1.8024848677922904,0.375,15,15,1.3081761006289307,0.125,0.2907801418439716,8.0,0.9277889214627373,0.7446483180428135,0.9277889214627373,1.3429158110882957
2022-04-13,MOK MURSA - OSIJEK,OK RIBOLA KAŠTELA, 3-0,3,0,75,66,3.0,MOK MURSA - OSIJEK,0,1.1512239762068177,0.4444444444444444,11,15,1.464968152866242,1.3333333333333333,1.118279569892473,0.75,1.3096873926485744,1.061437908496732,1.3096873926485744,0.9421182266009852
2022-04-16,OK KITRO VARAŽDIN,HAOK MLADOST, 1-2,1,2,52,75,-7.666666666666667,HAOK MLADOST,1,0.5476764199655766,0.4444444444444444,3,3,0.7535545023696683,0.1111111111111111,3.5121951219512195,9.0,1.0714520367936926,0.7256515775034293,1.0714520367936926,1.3780718336483933
2022-04-16,OK RIBOLA KAŠTELA,MOK MURSA - OSIJEK, 3-2,3,2,110,102,1.6,OK RIBOLA KAŠTELA,0,0.8537198067632851,0.5,3,3,0.6738197424892703,1.5333333333333334,0.9230769230769231,0.6521739130434783,0.7646753246753247,1.0673886883273165,0.7646753246753247,0.9368658399098083
2022-04-20,MOK MURSA - OSIJEK,OK RIBOLA KAŠTELA, 1-3,1,3,87,95,-2.0,OK RIBOLA KAŠTELA,1,1.1513157894736843,0.5454545454545454,4,4,1.46875,1.3888888888888888,1.0918367346938775,0.72,1.3007669223074358,1.051009564293305,1.3007669223074358,0.9514661274014156
2022-04-23,HAOK MLADOST,OK RIBOLA KAŠTELA, 3-0,3,0,75,49,8.666666666666666,HAOK MLADOST,0,1.3717006802721088,0.45454545454545453,7,3,1.3067484662576687,0.28125,0.42424242424242425,3.5555555555555554,1.011488593467914,0.8523560209424084,1.011488593467914,1.1732186732186731
2022-04-27,OK RIBOLA KAŠTELA,HAOK MLADOST, 1-3,1,3,83,97,-3.5,HAOK MLADOST,1,0.7183641975308642,0.5,4,4,0.7546296296296297,0.2571428571428571,2.4285714285714284,3.888888888888889,0.9846104520679705,0.8378640776699029,0.9846104520679705,1.19351100811124
